zip,gas_additives,env_cont,pol_cont,rel_cont,med_income,med_value,avg_alc,avg_edu,avg_food,avg_homefood,avg_smoke,avg_care,avg_funeral,avg_cemet
70634,2421,689,660,5706,41170,128698,371.78,913.34,6336.31,3787.86,369.77,601.87,71.08,7.48
70748,635,195,159,1419,39960,106882,332.47,788.33,6391.55,3933.41,455.09,575.17,80.81,9.56
70810,2813,2009,1836,9173,75621,251817,724.06,1928.9,10620.17,6158.21,469.01,1053.9,92.18,7.93
70722,570,162,146,1248,42640,142790,381.53,921.61,7202.31,4418.29,502.7,651.43,91.62,10.41
71409,742,165,172,1615,46564,166827,378.72,914.63,6943.92,4220.91,455.21,638.93,83.2,9.6
71424,137,39,38,313,50128,126829,434.25,1080.56,7486,4475.72,433.91,714.15,82.33,9.3
71032,276,46,48,497,49444,116453,404.39,920.15,8737.56,5487.81,690.2,749.72,119.84,15.31
70712,533,165,173,1149,50646,25000,404.27,971.38,6458.81,3767.54,269.7,628.81,50.31,4.46
71355,383,58,60,627,40320,111547,303.78,690.55,6624.1,4166.34,523.64,566.04,90.94,11.72
71295,1591,288,304,2668,30371,90992,284.73,679.83,5511.86,3404.96,404.49,486.33,71.61,8.06
70812,1101,181,205,2169,35152,112741,301.81,737.42,4764.26,2830.98,267.25,457.44,55.71,4.77
71447,156,33,33,332,37198,82500,258.36,587.34,5485.18,3431.93,434.08,474.63,74.65,9.3
71006,1223,613,489,3328,67888,228483,542.72,1406.16,8495.86,5020.1,426.84,833.56,88.39,8.8
70836,0,0,0,0,0,0,0,0,0,0,0,0,0,0
70352,32,5,5,46,40751,84091,285.47,641.74,6340.52,3997.57,513.67,536.31,87.52,11.1
71404,85,17,18,178,42191,85870,323.01,732.08,6894.48,4323.19,546.09,594.55,94.75,11.96
71479,103,16,16,160,40960,74615,274.78,622.2,6031.2,3796.73,480.93,513.5,82.96,10.63
71422,190,28,31,346,35522,76149,256.75,588.69,5519.88,3465.32,427.61,475.44,75.45,9.85
70449,376,185,91,728,53780,175746,452.86,1088.36,7717.56,4623.94,439.86,737.81,82.93,9.67
71360,3236,1301,1263,8051,45146,158866,405.68,1023.33,6425.67,3810.02,343.53,618.35,68.95,6.19
70648,929,170,184,1736,42998,96689,359.58,860.73,6686.45,4080.05,453.8,607.92,82.01,9.22
71340,262,41,38,372,31890,69079,276.81,622.25,6147.95,3876.16,498.07,520.03,84.86,10.76
71008,91,14,16,171,38133,77308,278.14,637.03,5964.9,3742.91,463.6,514.29,81.56,10.58
70446,638,165,147,1507,48349,183264,377.75,919.18,6456.95,3822.12,357.92,622,66.03,7.31
71018,168,41,38,358,36265,64493,241.68,560.52,4975.39,3102.61,384.99,434,67.36,8.12
70125,1409,917,587,2891,38136,280220,453.97,1137.66,6915.58,4082.9,384.72,654.19,71.86,5.63
70065,3971,1898,1812,10470,56384,216725,540.1,1393.94,8049.77,4716.74,370.6,787.31,75.68,6.6
70754,1181,262,250,2505,54134,146700,441.91,1068.15,7720.97,4592.65,445.23,738.94,80.66,9.28
71342,1059,172,161,1564,35776,99965,271.15,609.71,5995.66,3777.45,485.81,508.22,82.73,10.45
70436,59,14,14,132,22523,72917,192.78,434.32,4132.74,2590.58,335.24,355.57,56.89,6.97
71064,533,96,93,929,36938,76369,260.26,588.8,5645.01,3546.06,451.93,483.26,77.55,9.77
70541,37,10,9,82,36839,127500,364.89,840.83,7553.99,4713.32,592.54,657.48,102.62,12.29
71241,1109,334,271,1926,38878,112153,356.96,845.29,6491.25,3968.18,434.83,591.42,79.2,8.91
70422,1420,317,309,2844,33668,143393,289.39,684.9,5479.46,3354.15,382.9,496.35,68.73,7.83
70043,1559,493,540,2978,41786,138997,375.08,933.18,5928.34,3510.35,318.81,557.18,57.78,4.63
70052,410,140,121,897,51321,155156,392.19,993.19,6840.4,4160.23,436.73,632.67,86.2,8.89
70053,1432,599,544,2685,35769,155521,365.52,915.32,5736.04,3419.82,323.34,536.58,61.41,4.9
70586,2363,446,436,3656,34619,97267,296.42,695.04,5810.8,3600.49,431.74,509.44,76.27,8.53
71469,344,60,58,588,38826,103388,318.78,732.64,6671.98,4155.07,507.12,581.77,87.78,11.03
70510,2570,614,586,4884,42621,117655,362.38,881.09,6502.25,3945.11,423.62,594.59,77.77,8.15
70535,1947,454,442,3524,36501,107970,307.42,740.13,5792.92,3570.02,411.36,516.94,75.69,8.32
70563,1667,667,624,4410,61767,159070,530.17,1344.18,8703.47,5195.37,489.84,831.07,98.26,9.52
71354,226,34,36,382,36519,107679,271.17,618.06,5888.21,3701.46,462.61,504.34,80.73,10.44
70739,1118,550,531,3277,62676,217853,555.55,1462.55,8416.31,4934.41,397.46,832.06,82.38,7.92
70554,573,111,112,1068,25727,78827,224.11,516.7,4563.9,2843.41,353.21,396.78,61.29,7.18
70546,1851,358,362,3165,40034,111655,332.64,787.22,6375.36,3939.77,461.08,565.26,84.37,9.33
71115,1232,633,618,3169,52930,203368,582.37,1454.31,8742.97,5125.33,438.64,848.67,83.5,6.9
71441,97,15,14,138,37426,88235,280.27,630.04,6224.91,3924.68,504.3,526.54,85.92,10.9
71031,149,23,22,212,34498,92021,247.79,557.03,5503.54,3469.88,445.86,465.52,75.96,9.64
70657,489,106,103,1044,47010,114493,384.13,932.49,6782.41,4040.33,397.21,647.82,71.9,8.49
71326,101,25,23,223,27679,70149,270.54,609.34,5799.4,3635.53,470.25,498.92,79.85,9.79
71343,914,155,147,1362,36270,88801,274.16,629.38,5727.92,3583.26,449.79,493.47,78.44,9.33
70764,1702,377,395,3838,44490,119411,383.59,916.09,7007.4,4257.91,462.69,643.61,85.02,9.4
71227,402,101,97,893,39536,120072,375.25,922.38,6487.65,3857.15,370.47,623.13,68.53,7.86
70515,527,84,79,772,34214,79019,262.8,596.25,5697.72,3573.54,449.48,487.84,76.92,9.71
70542,487,76,71,692,39162,103234,290.58,653.21,6453.84,4069.02,522.85,545.9,89.08,11.3
70435,1740,867,608,4322,60720,261242,545.25,1379.99,8607.51,5092.78,437.71,841.61,91.26,8.91
70550,24,4,3,33,26234,78409,188.91,424.65,4195.64,2645.27,339.91,354.89,57.91,7.35
70559,419,65,61,595,39105,91277,279.18,627.57,6200.58,3909.35,502.33,524.48,85.59,10.85
70773,18,3,3,37,50000,164286,380.9,904.92,7310.11,4461.39,489.31,667.66,87.81,10.98
70775,897,329,310,2376,56953,207425,451.57,1131.67,7825.21,4704.8,470.02,738.55,88,10.1
70780,115,25,24,247,53247,112019,459.93,1116.47,8120.63,4837.51,475.58,775.63,86.09,10.16
70032,368,117,124,680,35986,140641,329.79,824.62,5265.41,3121.41,288.32,494.33,53.24,4.25
71435,513,93,87,845,37346,77426,298.51,671.45,6566.28,4133.48,532.14,557.98,90.57,11.38
70444,1049,222,219,2055,36775,132409,306.02,722.75,5662.47,3442.07,377.69,520.1,67.69,7.66
70431,585,239,187,1361,60303,248179,524.42,1320.82,8597.62,5101.56,462.42,835.21,91.23,9.74
71463,1135,274,284,2337,33386,86550,271.17,637.94,5267.43,3266.61,393.34,463.47,70.83,7.92
70570,3730,834,851,7050,29010,111725,283.07,694.42,4979.64,3018.22,327.94,457.38,60.8,6.13
70578,1766,394,378,3384,42788,123330,341.24,806.95,6379.78,3891.96,430.5,581.06,77.25,8.75
70580,26,4,4,36,37149,98750,267.63,601.6,5944.02,3747.59,481.54,502.78,82.05,10.41
70803,82,94,101,193,16120,250000,197.3,820.39,3124,1744.67,187.3,271.9,25.69,1.48
70805,2341,480,582,3401,25846,81434,233.97,590.83,3802.4,2285.23,242.93,350.67,46.49,3.61
71468,98,19,19,202,36467,98780,283.43,677.06,5329.62,3234.25,346.16,492.06,62.23,7.69
71483,1217,246,271,2339,32270,80361,271.94,631.7,5477.04,3412.66,414.75,478.56,74.29,8.85
70791,2311,940,872,6430,64931,215901,539.58,1378.77,8404.67,4925.18,406.91,828.89,82.77,7.7
70801,9,5,2,15,28495,62500,274.65,842.92,4229.02,2436.69,243.04,387.48,38.83,2.67
70092,634,145,158,1188,34640,127921,299.28,732.2,5198.3,3129.48,324.34,479.41,58.26,5.68
71473,62,9,11,119,36075,75595,245.92,566.54,5244.53,3288.89,401.57,453.77,71.51,9.4
70040,137,31,30,297,36811,133219,340.05,803.14,6487.89,3950.29,441.83,593.69,77.46,9.31
71467,932,192,189,1923,44858,125704,361.81,867.91,6669.26,4023.73,420.96,621.89,75.51,9.14
70124,1413,1726,1167,4956,75203,365595,795.6,2065.62,11338.35,6561.8,505.13,1130.69,100.13,8.42
71272,116,132,142,271,0,0,0,0,0,0,0,0,0,0
71055,1877,526,520,3880,38189,96458,335.61,832.32,5766.58,3492.06,370.44,533.81,71.78,6.99
70443,1046,253,232,2304,42871,132766,341.33,807.85,6256,3777.76,400.71,580.97,71,8.16
71438,197,36,37,391,41093,94018,318.77,756.47,6126.58,3739.35,411.4,559.04,73.54,9.17
70003,3119,1865,1621,8824,54869,202025,503.03,1305.78,7484.89,4406.3,359.49,735.48,77.58,6.84
70005,1748,1407,1337,6168,58143,293432,665.23,1742.51,9676,5662.79,448.84,961.04,94.56,8.48
70115,2516,2368,1819,6919,52431,382262,644.06,1611.85,9246.92,5382.34,459.34,890.19,82.53,6.46
71040,1059,243,246,2076,32663,92415,277.62,646.41,5280.41,3270.67,385.66,467.78,71.57,8.05
70526,1871,461,450,3259,34880,108738,313.1,770.03,5511.31,3351.53,367.47,501.99,69.05,6.72
71070,250,39,38,379,34792,64028,247.8,559.91,5458.11,3437.53,437.3,463.8,75.15,9.6
70659,117,46,34,359,34786,125987,339.95,831.77,5363.77,3122.25,253.43,528.13,49.59,4.41
71107,3139,771,829,6087,36857,127928,361.95,901.9,5999.84,3595.24,360.58,565.66,69.83,6.57
70085,479,118,117,986,38553,134119,316.07,732.51,5958.27,3628.69,400.66,547.74,71.13,8.5
71209,19,10,5,32,0,0,0,0,0,0,0,0,0,0
71280,410,145,129,1001,51967,153922,484.52,1244.42,8011.37,4808.96,461.77,756.97,93.69,9.15
70655,384,67,64,623,39466,90038,268.04,603.54,5871.98,3694.12,475.03,500.01,80.94,10.16
71068,369,74,69,672,30630,71642,250.11,562.98,5439.62,3417.92,441.02,464.76,74.96,9.32
70660,301,64,63,640,46111,118438,319.79,774.2,5708.11,3411.64,340.77,541.97,61.6,7.34
70663,2468,876,823,6013,50176,130767,418.58,1050.12,6903.38,4116.59,393.05,657.56,76.08,7.44
70706,1759,806,666,5563,65808,193039,504.91,1273.48,7841.01,4563.66,361.2,777.66,72.87,6.5
70121,1058,439,446,2535,43170,191024,400.77,1016.66,6015.28,3567.86,315.96,577.77,64.99,5.52
70122,3123,1065,1030,6691,39331,188793,420.5,1060.14,6496.42,3856.56,361.11,622.95,73.77,6.24
71292,2068,587,571,4361,39589,114507,344.99,853.38,5900.59,3534.02,353.94,555.33,65.5,6.61
70375,13,3,3,29,50000,112500,319.64,720.1,6852.12,4295.2,555.84,589.54,94.32,11.56
71423,496,133,124,1075,43053,132206,356.36,880.16,6312.12,3805.53,386.07,592.4,73.27,8.35
71429,405,75,80,726,42613,97289,311.51,708.14,6302.53,3916.45,459.01,555.76,82.91,10.65
71430,291,64,62,606,39581,140260,360.17,866.43,6608.9,3989.11,416.63,615.98,75.14,9.05
71433,535,101,100,986,36927,94613,259.7,596.62,5473.31,3420.85,423.62,474.57,73.65,9.23
71457,2579,1111,812,5148,28476,148692,338.48,874.24,5557.59,3307.82,329.77,518.14,59.38,5.5
70726,4882,1625,1495,11670,56511,187646,475.23,1170.53,7566.07,4429.71,369.2,736.49,70.52,6.33
70130,1088,915,884,3101,53399,361273,642.85,1575.8,9136.05,5293.93,466.72,864.78,77.42,5.8
71328,676,216,176,1800,52768,141788,408.38,998.51,6718.3,3949.25,347.78,653.38,66.07,6.68
70787,12,3,3,26,38441,105000,281.39,633.95,6032.41,3781.38,489.34,519.02,83.05,10.17
71112,2725,1363,1238,7977,53196,146696,461.6,1186.27,6958.03,4076.63,334.78,681.36,68.02,5.9
71351,1123,273,264,2258,33190,97050,310.63,751.43,5678.9,3460.33,381.51,520.34,70.78,7.8
70517,2849,683,634,5570,43406,116540,376.14,901.11,6577.91,3945.26,394.64,619.81,72.06,7.74
70463,14,3,3,30,55620,186111,502.95,1220.89,8880.11,5289.93,520.07,848.18,94.14,11.11
70402,143,160,80,383,0,0,0,0,0,0,0,0,0,0
70139,0,0,0,0,0,0,0,0,0,0,0,0,0,0
70163,0,0,0,0,0,0,0,0,0,0,0,0,0,0
70340,10,2,2,15,41523,83333,329.72,746.32,5425.64,3214,288.68,522.28,50.24,4.48
71203,3317,1288,1099,7726,41083,141705,409,1060.91,6404.41,3772.11,344.97,611.64,65.97,5.49
71220,2085,466,495,4164,28157,93608,259.42,629.28,4638.44,2828.38,312.71,423.86,59.11,6.15
71371,293,46,43,415,48775,84071,367.02,825.05,8151.65,5139.46,660.4,689.51,112.52,14.27
71377,18,3,3,25,39933,126389,270.73,608.61,6013.24,3791.24,487.15,508.63,83,10.54
71410,18,3,3,25,32911,80882,218.96,492.22,4863.24,3066.18,393.98,411.35,67.12,8.51
71414,22,5,5,48,26264,84722,216.98,488.83,4651.48,2915.75,377.32,400.21,64.03,7.85
71416,84,20,19,186,32588,96512,228.27,514.86,4892.18,3066.69,395.7,421.03,67.31,8.28
71417,492,119,122,964,36360,94318,278.27,623.91,5585.48,3465.13,412.75,496.11,72.91,8.96
71418,744,166,131,1204,37259,88536,319.52,737.68,6472.97,4032.38,488.76,564.27,85.73,10.27
70582,2234,451,421,4068,42689,119907,329.58,773.9,6399.63,3927.03,448.91,575.29,79.5,9.4
70079,275,126,107,698,58160,168500,474.04,1237.02,7163.89,4221.96,354.13,703.77,79.58,6.4
70585,32,5,5,46,57808,77976,323.11,726.33,7176.34,4524.55,581.39,607.02,99.06,12.57
70589,319,71,69,688,35000,141842,315.71,738.05,6202.3,3805.92,442.31,558.75,77,9.35
71222,357,85,88,644,38439,85364,283.64,627.52,5771.6,3595.35,433.37,508.84,76.56,9.47
71226,181,34,35,370,41756,76587,296.04,677.84,6252.15,3908.56,485.03,542.86,84.51,10.71
71232,653,112,143,1274,39417,89444,355.36,849.85,6893.76,4271.72,511.55,606.17,92.07,10.34
71238,311,63,64,650,48716,124061,352.27,846.85,6501.79,3927.6,411.14,605.66,74.27,9.05
71251,974,174,192,1877,38468,86191,304.27,723.4,5743.18,3540.53,407.03,513.78,75.83,8.47
71001,472,105,111,888,28697,84080,269.42,651.28,5198.19,3212.08,384.32,457.14,67.2,7.52
71019,924,162,159,1523,34526,79156,293.54,674.23,6131.02,3834.5,479.73,529.57,83.88,10.11
71027,176,37,36,371,48437,98295,345.77,835.38,6219.24,3725.65,376.39,588.04,67.95,8.13
70113,786,276,302,1296,20126,171396,267.2,664.71,4178.79,2497.2,255.36,386.25,47.16,3.5
70633,881,153,161,1604,41893,97441,326.44,768.9,6381.32,3938.45,460.11,567.8,82.48,9.72
71028,155,37,35,342,30691,76687,273.26,615.98,5857.32,3671.65,474.48,504.02,80.61,9.9
70116,1067,521,600,2163,32102,220714,441.24,1104.84,6518.32,3843.23,361.39,611.69,64.11,4.9
71261,157,37,35,345,29348,111449,261.44,589.8,5602.95,3512.26,452.98,482.23,77.09,9.49
71263,886,163,166,1690,31475,89730,282.93,653.14,5821.01,3624.44,443.18,508.35,77.39,9.49
71268,329,59,66,627,45372,98625,314.23,744.48,6308.15,3925.36,464.9,553.7,84.6,10.26
71269,1463,276,293,2596,32326,89848,279.25,671.36,5377.13,3324.48,389.89,476.01,70.81,8.05
71270,2826,1308,1062,6194,32088,156834,380.63,1018.94,6024.78,3552.16,345.34,564.12,61.7,5.16
71037,1905,699,622,4870,59594,163198,493.67,1218.34,7983.15,4700.07,406.09,779.62,78.98,7.83
71051,263,114,117,524,57457,151984,503.11,1175.47,7979.58,4745.75,408.03,787.81,85.44,8.88
70537,76,12,11,108,46658,109884,299.12,672.4,6643.45,4188.57,538.21,561.94,91.7,11.63
70656,485,85,81,797,36801,85606,281.69,652.65,5697.17,3518.8,413.33,504.94,71.7,8.85
70441,494,125,123,980,36625,118750,307.1,681.95,6357.63,3968.22,493.31,555.79,85.49,10.45
70650,43,9,9,92,56440,127778,447.44,1086.17,7900.25,4706.23,462.68,754.58,83.75,9.89
71219,173,27,26,262,48240,99038,390.72,882.16,8616.86,5427.8,691.54,731.71,118.69,15.15
70558,12,5,3,35,77517,203571,638.34,1561.86,10071.83,5862.81,475.88,991.7,93.11,8.28
70788,420,87,85,898,36497,107045,314.51,734.03,5856.12,3584.06,406.78,532.29,75.03,8.28
70401,1960,1056,722,4264,41144,195424,424.94,1124.39,6523.11,3814.19,341.19,621.45,61.48,5.12
70774,1032,290,244,2486,55561,181259,469.55,1143.05,7957.27,4704.67,435.05,768.14,80.76,8.81
71043,55,13,12,122,37088,87069,309.56,697.41,6636.18,4159.84,538.32,570.96,91.35,11.19
70737,3820,1432,1245,9671,60560,193463,513.83,1276.58,8110.54,4749.97,394.88,792.56,76.76,6.99
71264,140,21,22,230,35731,122772,281.53,640.44,6131.37,3855.8,483.88,524.29,84.15,10.85
70584,813,182,167,1658,40417,134587,359.51,850.42,6816.37,4150.21,458.33,622.42,81.06,9.58
70123,1931,1487,1317,6531,60144,266494,590.62,1523.13,8524.26,4981.78,404.89,835.54,82.66,7.25
70647,946,245,233,1992,52405,132264,426.26,1049.57,7253.35,4318.68,416.62,692.07,78.09,8.12
70452,1362,369,359,3201,43710,187282,377.6,936.22,6490.65,3857.43,367.8,624.86,68.34,7.92
71259,205,30,35,396,37995,84932,294.47,678.39,6279.95,3938.22,480.86,543.36,85.63,11.26
70391,27,4,5,53,43474,134783,329.29,756.07,7027.91,4406.99,542.95,607.56,95.97,12.49
70071,371,91,87,717,54744,143386,509.28,1266.71,8651.44,5237.51,540.96,806.33,109.37,10.7
71466,67,14,14,143,39224,92568,341.31,828.52,6026.23,3589.87,352.93,575.59,63.89,7.54
70001,3218,1610,1525,8619,47853,242303,501.04,1266.47,7507.96,4409.77,375.91,723.43,72.41,6.07
71103,691,122,155,1017,19066,48604,197.5,498.45,3222.62,1939.17,209.02,297.38,39.97,3.19
70740,149,32,31,318,51592,71429,397.99,966.13,7027.13,4186.11,411.54,671.19,74.5,8.79
70782,27,7,6,61,38867,102500,279,628.56,5981.06,3749.18,485.18,514.6,82.34,10.09
70374,699,198,197,1522,54008,131405,407.16,990.25,7582.87,4644.74,518.08,688.2,95.14,10.75
71303,1667,916,907,4959,53949,186828,526.76,1338.74,8007.16,4718.47,407.74,778.52,81.72,7.05
70662,43,9,9,92,51655,112500,386.06,937.16,6816.42,4060.59,399.2,651.06,72.26,8.53
70131,2472,1034,1038,6240,51348,187465,539.42,1407.12,8083.71,4737.89,392.95,780.28,74.29,6.61
70637,70,15,15,149,47888,98611,379.15,920.4,6694.49,3987.95,392.07,639.42,70.97,8.38
70789,75,18,14,151,32081,126724,311.4,746.39,4977.39,2965.37,277.31,480.43,58.9,5.43
71024,181,31,29,281,44526,91250,311.06,699.62,6850.47,4313.21,555.15,581.8,94.5,11.89
70438,1952,389,390,3827,33397,124085,287.58,677.5,5564.22,3416.51,394.74,500.34,70.07,8.24
70814,1193,421,531,2510,50641,156396,421.79,1042.73,6491.62,3786.09,290.41,632.07,54.08,4.59
71368,150,31,29,279,30509,79290,236.33,532.03,5129.57,3222.04,415.91,438.7,70.68,8.77
70041,282,58,55,466,40348,71642,341.35,785.12,5821.34,3469.47,330.43,554.45,57.89,5.8
70607,2625,823,674,5025,39450,121643,381.56,964.35,6162.44,3638.46,340.98,583.91,61.43,5.32
70525,1432,304,289,2532,37106,106752,284.29,667.94,5667.13,3498.38,415.34,501.31,72.16,8.55
70094,2813,782,745,5910,39360,130105,340.94,840.66,5640.4,3374.77,326.64,529.22,63.19,5.59
71108,1627,367,398,2614,28749,78058,257.06,646.8,4138.22,2475.81,250.94,385.78,48.76,3.83
71044,60,14,14,132,29838,70690,281.27,633.67,6029.67,3779.65,489.11,518.78,83,10.17
71411,365,62,58,561,33662,89340,262.68,590.78,5791.24,3646.92,469.29,491.59,79.89,10.06
70516,167,40,36,365,52711,143478,410.63,989.32,7303.88,4370.26,436.28,689.5,79.04,9.05
71455,27,5,5,55,37467,75000,254.69,579.5,5447.37,3415.28,430.99,469.84,74.68,9.44
70397,148,28,26,257,38489,107619,307.7,692.46,6716.74,4222.92,544.49,572.87,92.59,11.55
70117,2485,855,759,4052,24790,137575,269.38,672.64,4267.77,2549.44,260.3,398.31,49.77,3.89
70532,377,59,55,535,43465,98013,312.68,702.9,6944.79,4378.56,562.62,587.43,95.86,12.16
71065,168,26,25,240,34156,77980,368.14,827.58,8172.38,5152.12,662.09,691.43,112.8,14.3
70769,3312,1653,1421,10628,87878,243026,664.11,1705.68,10120.51,5833.92,423.2,1020.21,86.17,7.53
70518,1289,441,371,3287,64576,193092,587.51,1437.74,9506.58,5581.61,476.86,927.36,90.55,8.64
71247,111,18,28,225,35194,79570,259,620.41,4978.49,3091.58,367.26,436.38,67.93,7.36
70732,143,34,31,303,44698,136161,359.21,871.46,6315.08,3762.44,368.2,603.62,66.89,7.88
70442,30,6,6,63,45040,150000,409.77,994.71,7234.97,4309.92,423.72,691.04,76.7,9.05
70816,3423,1603,1449,8597,51578,189837,498.86,1244.13,7539.12,4397.75,368.95,725.05,65.35,5.43
71279,6,1,1,9,36917,125000,268.09,602.65,5954.13,3753.96,482.35,503.65,82.17,10.43
70785,2103,652,525,5236,58679,188759,460.66,1107.07,7466.56,4379.8,376.31,727.92,70.64,6.66
70039,221,69,56,594,45980,240909,428.11,1043.8,6759.39,3963.03,337.3,662.41,68.75,6.16
70591,634,131,128,1141,36537,98564,291.26,681.48,5966.05,3713.89,447.21,522.19,78.89,9.72
70645,191,28,33,369,48204,116033,423.61,975.88,9033.92,5665.25,691.73,781.64,123.18,16.19
70114,2045,755,676,3637,33823,150668,337.64,843.85,5223.71,3105.85,291.21,492.34,56.06,4.52
70501,3031,746,796,5214,29338,121833,294.11,743.68,4828.81,2899.5,307.33,446.03,58.16,4.87
71250,19,4,4,40,32935,90278,246.6,559.81,5277.15,3308.42,419.96,454.89,72.41,9.09
71452,6,1,1,12,32438,95000,228.13,513.97,4890.77,3065.73,396.73,420.8,67.33,8.23
70030,502,153,150,1112,53605,136601,408.79,998.66,7192.06,4354.33,443.2,670.98,83.45,9.18
70640,39,6,6,55,52068,93939,326.14,733.15,7243.75,4567.05,586.85,612.71,99.98,12.68
70353,146,28,26,254,35645,61916,241.61,543.75,5267.37,3311,427.01,449.52,72.6,9.05
70047,929,573,573,3044,77813,255815,642.98,1708.67,9488.35,5507.5,406.9,952.96,84.8,7.84
71350,412,124,121,892,31331,134700,287.49,702.75,5076.15,3095.94,334.47,467.15,65.3,6.87
71407,99,21,21,210,50090,132292,326.23,791.92,5760.03,3431.29,337.34,550.16,61.06,7.21
71465,414,65,60,590,37692,69838,270.76,608.88,6010.02,3788.91,486.51,508.53,82.94,10.52
70363,2624,637,593,4535,41317,117908,350.59,840.4,6085.8,3672.73,376.74,564.13,70.4,6.81
70733,183,40,39,391,52659,192035,493.97,1199.11,8721.7,5195.57,510.79,833.04,92.46,10.91
71034,40,6,6,57,48929,77174,332.17,746.7,7377.54,4651.39,597.68,624.04,101.83,12.92
70807,1779,327,373,2565,23761,96202,231.78,581.54,3780.99,2275.49,244.4,350.09,47.44,3.82
71237,226,36,34,337,35438,83779,252.26,568.53,5561.45,3502.62,448.35,472.22,76.66,9.72
71362,248,46,48,508,40887,102484,355.91,846.74,6788.28,4135.71,450.75,622.01,80.86,10.07
71129,1178,378,377,2572,41719,151925,398.2,981.34,6227.65,3648.73,317.1,594.48,55.23,4.65
70783,284,114,70,553,52251,160859,463.05,1089.98,8163.59,4940.91,494.67,765.25,94.02,11.41
71110,235,156,118,420,40124,0,396.33,1101.94,6404.77,3637,286.96,594.91,28.71,2.42
71316,5,1,1,9,35000,95000,268.64,618.86,5728.95,3592.68,438.68,495.68,78.14,10.27
71079,40,6,6,57,23870,64706,187.68,421.89,4168.35,2628.07,337.7,352.58,57.53,7.3
71427,44,9,9,93,37670,67593,258.9,586.88,5542.28,3474.54,442.7,477.58,76.1,9.51
71234,468,102,97,969,51089,110132,401.02,962.21,7469.59,4531.99,481.12,690.9,87.27,10.69
70729,97,32,25,266,55520,147256,431.45,1053.14,7051.81,4136.12,359.19,687.56,68.31,6.78
70575,7,1,1,10,60495,135000,513.8,1154.96,11411.32,7194.6,924.48,965.24,157.52,19.96
70075,427,155,142,1056,59994,169088,470.54,1146.25,7351.56,4269.82,326.31,720.18,61.21,5.22
70031,158,59,51,345,53319,214855,447.22,1171.92,7237.18,4345.2,409.89,688.86,87.68,8.24
70819,387,145,128,785,52715,125377,425.9,1059.47,6569.81,3855.45,302.51,634.69,59.66,4.83
71073,237,53,50,503,36795,84595,283.01,668.59,5402.42,3289.52,367.43,494.24,64.44,7.76
71253,32,5,5,46,32604,99038,218.94,492.18,4862.89,3065.95,393.96,411.33,67.12,8.51
70372,252,56,54,542,41318,125326,353.02,847.62,6435.31,3869.26,402.74,603.8,71.85,8.55
70049,241,50,49,479,34064,112376,281.57,663.87,5151.97,3153.86,360.89,467.43,67.43,7.04
70050,7,2,1,15,43708,100000,330.84,759.74,6781.81,4205.9,517.39,597.26,88.77,10.81
70051,233,49,49,444,35527,123101,300.51,734.62,5169.12,3093.45,315.25,489.04,59.37,6.14
70037,1277,606,513,3311,61828,268833,524,1344.65,8215.27,4792.51,393.23,799.25,71.61,6.8
70038,45,10,9,76,50175,125000,366.37,828.13,6585.29,3983.47,417.22,609.43,71.76,7.5
70002,1459,926,941,4440,57232,296522,673.72,1732.34,9881.35,5773.29,478.74,965.12,92.57,7.75
71021,63,14,14,109,20483,65942,193.69,464.72,3507.67,2150.21,252.03,316.13,47.04,4.61
70359,846,212,182,1633,46450,128182,403.77,943,6595.34,3887.81,341.81,638.94,61.8,5.68
70524,33,7,7,70,28415,93571,269.65,654.56,4760.94,2836.13,278.82,454.73,50.47,5.96
70611,1669,689,619,4818,66443,192422,555.01,1414.9,8770.33,5145.9,432.8,863.92,87.08,8.54
70555,725,269,202,2118,59036,163198,531.11,1295.95,8535.68,4995.04,421.41,833.02,81.38,7.53
71378,283,55,51,501,31388,51689,253.85,571.35,5530.64,3476.1,448.37,472.15,76.23,9.49
71256,67,14,13,128,36046,87778,245.59,552.98,5313.49,3335.8,430.87,455.13,73.19,9.05
71109,1887,402,459,2967,23635,69797,248.46,617.04,3993.67,2397.39,248.73,372.8,49.04,3.91
71425,30,5,4,43,42775,71875,328.97,739.51,7306.49,4606.6,591.92,618.02,100.85,12.8
70128,1538,617,644,3690,44238,177420,394.43,996.49,6022.69,3525.81,286.54,587.34,56.24,4.92
71202,2513,452,541,3934,25397,71806,241.81,606.85,3960.67,2375.59,249.65,367.63,46.89,3.9
70646,60,34,32,180,56489,192241,487.98,1308.03,7209.54,4222.69,327.9,723.97,74.74,6.58
71071,338,71,64,553,42545,87785,301.08,712.36,6096.65,3795.79,456.3,532.76,81.54,9.71
71072,193,29,31,329,48996,78571,330.98,754.49,7183.84,4515.62,564.24,615.46,98.49,12.74
70756,46,10,10,99,43215,161029,355.63,863.3,6279.14,3740.53,367.74,599.74,66.57,7.86
70654,17,4,4,36,46478,102083,384.67,933.77,6791.77,4045.9,397.75,648.71,72,8.49
70820,1479,1003,1030,3276,25559,305463,379.32,1335.41,5929.24,3367.19,328.28,533.65,47.43,3.1
70749,218,41,47,415,55283,207463,483.4,1074.36,10030.46,6302.73,755.57,868.42,140.25,18.69
71461,187,79,62,509,40605,140845,374.61,928.34,5802.26,3389.48,275.22,565.78,52.77,4.63
70752,91,23,22,201,51628,164167,392.25,963.1,6826.8,4069.47,395.34,652.93,73.24,8.46
70744,696,148,143,1451,50584,141923,393.26,951.66,7018.98,4194.06,419.33,666.39,75.59,8.97
70747,19,3,4,39,39912,90000,275.83,629.82,5894.92,3696.12,462.2,508.88,80.68,10.32
71325,139,29,28,274,38459,94545,289.43,666.45,5932.12,3677.03,447.57,522.56,77.01,9.44
70734,680,258,268,1844,72800,277580,582.41,1437.59,8986.45,5155.78,353.18,897.35,68.07,5.52
70802,2381,812,828,3731,22633,78259,242.66,706.35,3889.62,2292.99,242.61,355.96,43.76,3.29
71225,720,224,205,1771,53986,156845,487.12,1209.95,8114.56,4796.59,437.12,787.21,83.44,8.94
70581,82,44,42,238,45063,126829,420.62,1122.1,6306.86,3706.35,296.66,628.95,66.33,5.99
71023,367,173,88,686,44059,93986,345.83,820.07,6070.31,3671.26,365.12,570.98,68.55,8.18
70433,2946,1776,1404,9206,64053,259894,616.52,1597.72,9299.23,5427.16,424.51,929.03,89.44,8.25
70592,1901,820,710,5757,75786,246470,602.58,1504.6,9346.71,5418.4,416.12,926.96,81.93,7.15
71480,194,30,28,275,40493,65517,273.22,614.19,6068.38,3826,491.62,513.3,83.76,10.63
71459,831,554,419,1487,43510,0,357.06,992.73,5770.04,3276.56,258.52,535.95,25.87,2.18
70815,2376,1110,1119,6111,48853,182440,455.57,1165.01,6926.1,4082.89,347.06,666.62,68.27,5.86
70817,2210,1700,1483,8405,86684,238098,710.27,1860.6,10452.29,6066.88,458.62,1046.7,95.31,8.36
70818,767,464,427,2406,62655,204032,546.1,1449.88,8002.87,4680.46,357.87,796.53,77.66,7.23
70583,1251,331,277,2309,42172,114208,388.05,940.44,6509.25,3894.31,375.07,613.35,69.09,6.85
71322,649,166,162,1312,30925,114268,283.21,687.78,5180.51,3172.25,355.19,469.46,66.97,7.14
70112,313,200,222,788,35116,357576,550.7,1382.58,7963.82,4670.07,442.3,727.64,70.99,5.27
70811,1261,335,341,2675,43690,130228,365.21,898.43,5683.55,3365.44,302.01,552.55,65.09,5.57
70755,237,76,64,533,56526,169426,423.41,1046.75,7191.7,4273.5,402.49,693.55,75.85,8.55
70763,329,161,141,989,66301,221429,590.74,1546.51,9015.67,5255.08,405.98,898.43,86.28,7.59
70552,216,40,38,379,50485,119000,452.62,1065.21,8853.68,5421.48,613.28,799.45,107.45,13.18
70757,329,76,72,715,37090,135326,289.4,676.36,5677.75,3482.47,405,511.8,70.36,8.51
71474,67,14,14,140,45793,136932,367.82,888.65,6620.48,3966.86,400.91,625.77,72.41,8.68
70531,195,30,28,277,41167,84043,281.87,633.63,6260.37,3947.04,507.18,529.54,86.41,10.96
70759,142,119,41,231,38396,161047,346.06,832.21,5509.51,3298.48,296.04,532.77,59.47,6.29
70760,638,178,144,1166,31838,146987,344.28,833.91,5783.17,3498.63,370.99,537.31,72.5,6.74
71462,200,31,29,285,34497,71652,331.08,744.37,7351.29,4634.68,595.34,621.91,101.46,12.87
70533,824,164,157,1581,43595,152103,352.17,841.46,6556.11,3963.06,421.02,608.08,74.8,9.02
70534,130,20,19,184,50000,87500,313.51,704.76,6963.21,4390.17,564.12,588.99,96.11,12.19
70753,71,17,16,158,37833,85317,238.29,536.84,5108.3,3202.1,414.37,439.51,70.32,8.62
70761,86,18,17,184,32222,118750,285.81,668.24,5210.7,3181.95,355.33,476.34,66.92,7.17
70762,102,47,46,274,62787,176571,532.55,1366.36,8463.01,5047.05,446.25,820.77,95.63,9.9
70652,240,52,50,512,45457,111700,418.81,1016.66,7394.64,4405.04,433.07,706.29,78.39,9.25
70710,442,134,111,1152,52228,200054,401.5,979.36,6630.22,3897.21,344.67,644.64,65.06,6.64
70711,600,130,126,1280,50756,179074,415.52,1008.68,7336.6,4370.46,429.67,700.75,77.78,9.18
70776,282,118,112,747,56800,175638,473.92,1201.46,8036.58,4836.57,480.53,760.85,93.63,9.86
70669,936,258,277,2215,47360,118388,417.05,1023.42,7423.36,4507.72,481.75,684.43,91.01,9.63
70777,448,101,99,975,53601,196305,408.91,994.7,7246.65,4330.96,428.78,688.38,78.3,9.2
71075,634,139,158,1230,35929,95988,309.12,747.57,5614.47,3448.9,393.44,505.01,74.41,7.63
70808,2418,2391,1934,7540,61364,313654,703.38,2000.11,10343.97,5966.66,509.81,998.31,92.96,7.34
70665,1099,418,381,2828,60718,170621,509.5,1296.32,8209.3,4847.99,427.14,801.38,85.86,8.63
70809,1975,1483,1139,5978,63885,272553,664.76,1665.95,9741.28,5659.83,463.21,950.35,86.8,7.16
70556,46,7,7,66,49385,85897,302.24,679.43,6712.9,4232.36,543.84,567.81,92.66,11.76
70767,1483,416,424,3302,48510,153297,394.75,976.91,6727.01,4048.34,419.71,627.19,78.46,7.73
70651,54,12,11,115,45568,101220,387.92,941.66,6849.17,4080.1,401.12,654.19,72.61,8.57
71003,87,21,20,193,33446,72388,300.88,677.85,6450.06,4043.17,523.22,554.95,88.79,10.88
71004,99,15,14,140,44264,144872,328.77,739.07,7302.18,4603.88,591.58,617.66,100.79,12.78
70576,221,34,32,313,54450,135417,329.2,740.02,7311.61,4609.83,592.34,618.46,100.92,12.8
70806,2328,1304,1210,5734,36429,208926,436.86,1103.59,6594.48,3879.77,350,629.06,64.96,5.05
70770,298,136,128,805,67951,209663,575.35,1504.75,8955.05,5278.7,446.32,883.97,94.5,9.14
70772,85,19,18,182,53278,112500,438.7,1059.71,7859.46,4701.98,474.81,744.59,85.36,10.11
70778,283,84,80,605,49743,161827,457.62,1122.49,7524.52,4454.87,402.38,730.19,76.25,7.77
71016,247,44,42,419,36181,48750,273.11,637.59,5465.75,3365.15,390.58,487.75,67.99,8.41
70080,179,38,37,372,48196,154830,336.99,813.13,5951.95,3549.86,349.67,567.2,63.11,7.38
70087,685,248,271,1421,45396,175443,393.63,979.07,5944.96,3483.37,275.91,582.68,56.23,4.89
70084,662,172,173,1505,42140,125304,300.66,698.07,5981.95,3707.27,445.65,527.72,78.42,9.14
70062,1474,520,487,2722,34912,166371,330.68,837.33,5152.68,3070.3,281.26,484.53,55.12,4.48
70090,740,253,231,1730,55225,135121,443.53,1105.97,7805.61,4731.1,495.03,726.19,94.71,10.18
71038,380,91,94,792,26424,82686,270.45,642.44,5100.81,3149.83,370.11,453.49,67.35,7.33
71045,73,14,14,139,32721,64583,244.04,552.41,5267.09,3306.32,421.67,452.01,72.39,9.09
70076,30,6,6,64,49119,141304,337.52,819.33,5959.37,3550.04,349.01,569.2,63.17,7.45
70057,462,167,159,1155,51943,190459,431.44,1092.04,7207.59,4300.03,407.91,692.45,79.55,8.46
71048,15,2,2,21,36907,75000,262.74,590.62,5835.47,3679.15,472.74,493.6,80.55,10.21
71061,167,39,37,359,32441,104455,312.13,703.14,6702.54,4202.61,543.66,576.2,92.28,11.33
70615,1235,250,260,2311,38187,105742,348.99,851.46,5747.43,3425.92,334.07,547.21,65.47,6.02
70638,124,20,19,181,41275,109406,286.31,647.78,6253.14,3928.22,497.38,533.41,85,10.74
70658,103,22,22,220,45025,100862,390.72,948.48,6898.71,4109.61,404.02,658.92,73.14,8.63
71104,1403,558,590,2782,38569,130971,392,984.81,5963.5,3517.49,326.58,562.91,60.08,4.39
71063,67,16,15,148,33085,50694,299.36,674.44,6417.62,4022.84,520.59,552.16,88.34,10.82
70630,113,57,51,345,62143,180128,521.5,1352.65,7899.01,4615.5,364.65,787.23,78.46,6.93
70605,2808,1996,1673,8675,63445,213241,617.03,1584.75,9199.83,5378.03,429.66,915.56,89.76,8.01
71105,1756,1043,922,5092,55207,184191,519.92,1314.73,7710.27,4506.65,379.51,748.03,72.26,5.94
71078,683,191,174,1470,52895,142302,411.58,1031.3,7021.05,4195.15,405.98,669.71,78.52,8.48
71067,387,86,75,666,41561,104140,345.29,798.01,5936.4,3548.1,341.22,560.37,60.53,6.04
71030,170,37,36,363,50982,180455,414.33,1005.03,7337.94,4375.35,432.09,699.7,78.19,9.25
70601,2831,966,938,5640,30308,107318,318.34,794.73,5055.58,3021.92,300.62,474.37,58.62,4.8
71106,2460,1604,1557,7102,51473,267972,656.54,1764.61,9862.71,5795.81,491.07,969.34,99.43,8.76
71101,731,223,261,981,19527,71088,207.3,520.49,3316.13,1998.98,211.45,303.64,39.92,2.94
70450,364,59,65,717,31957,119022,289.25,676.08,5880.37,3644.08,425.29,521.26,75.97,9.79
70118,2989,1900,1541,6509,37063,321701,505.42,1330.73,7647.45,4491.32,422.26,723.76,77.4,6.03
70453,112,22,21,207,38826,127564,284.89,650.01,5994.28,3738,466.29,520.92,79.82,9.87
70456,291,72,67,647,26648,110099,216.47,488.61,4622.59,2896.18,373.62,398.26,63.54,7.77
70743,36,13,11,78,66107,213462,551.14,1444.25,8918.95,5354.93,505.14,848.93,108.05,10.16
70455,161,35,34,344,41523,181739,312.2,757.85,5512.23,3283.67,322.82,526.49,58.44,6.9
70070,994,569,552,3210,69552,214244,581.42,1544.55,9105.1,5362.58,450.69,896.87,92.45,9.13
71118,2014,879,804,5197,47734,142212,421.89,1062.8,6459.2,3793.59,324.27,623.48,63.99,5.23
70730,355,123,84,726,49042,173892,377.14,889.3,7227.81,4455.75,508.6,649.87,91.94,10.98
71111,3307,1466,1546,8963,54524,217598,504.74,1297.41,7712.82,4509.04,370.66,749.38,70.17,5.82
70072,4845,1463,1570,10356,45952,162293,397.81,978.19,6431.93,3816.13,341.14,614.98,67.07,6.02
70715,178,27,31,345,41983,95000,289.29,665.66,6171.07,3869.84,474.02,533.78,84.19,11.03
70723,163,40,37,363,44095,90942,321.74,724.85,6897.32,4323.53,559.5,593.43,94.95,11.63
70725,152,86,82,458,64710,262419,650.79,1744.43,9614.89,5631.53,437.3,965.51,99.68,8.77
71223,39,9,9,87,30086,72297,254.39,573.5,5452.54,3417.93,441.55,469.2,75.04,9.21
71201,1495,978,965,4116,47017,203360,554.03,1414.46,8246.86,4858.14,417.32,804.87,83.94,7
70360,2227,1077,1043,6713,63948,218619,577.1,1493.53,8847.38,5193.04,436.14,867,88.29,7.81
70373,856,200,190,1691,53933,139760,390.57,951.07,7092.87,4284.73,446.75,660.55,81.71,9.5
70364,2801,821,707,6124,49462,166065,423.85,1034.94,6923.88,4102.09,373.55,661.94,71.12,6.47
71432,138,22,20,197,45245,86591,278.97,627.27,6193.56,3904.72,501.5,524,85.48,10.84
71439,265,41,41,425,39270,99017,255.79,581,5580.36,3509.28,441.59,476.66,76.49,9.83
70506,4020,1584,1404,8668,42723,179253,432.55,1102.41,6642.1,3884.53,348.58,629.19,60.43,4.75
71235,431,151,146,1061,46024,139355,400.36,1005.45,6879.94,4135.6,409.56,651.52,78.82,8.63
71245,495,229,147,949,25389,109649,250.01,648.83,4315.12,2608.34,294.5,387.73,52.06,4.81
70512,1171,220,222,2297,46031,107775,340.82,808.6,6530.09,3980.95,437.67,596.7,77.9,9.63
71275,297,55,57,607,37638,86076,330.39,786.72,6287.09,3828.05,415.67,576.8,74.65,9.29
70513,16,2,2,23,46101,92188,302.53,680.05,6719.15,4236.29,544.35,568.35,92.75,11.76
71243,22,3,4,43,32170,96667,288.78,665.27,6158.51,3862.06,471.56,532.85,83.98,11.04
71450,132,23,21,207,44964,87391,330.96,744.49,7271.54,4576.58,589.32,618.25,100.29,12.59
71277,209,34,38,412,40017,94837,320.1,743.44,6618.94,4118.99,490.67,581.55,87.25,11.27
71301,1892,645,708,3864,36126,128453,378.4,965.58,5971.45,3560.26,346.44,564.67,68.17,5.71
71229,165,36,35,353,39648,89085,317.51,735.26,6436.53,3982.25,477.82,570.5,83.06,10.26
71266,178,34,32,314,32569,87064,255.59,575.65,5565.18,3497.61,450.45,475.27,76.68,9.56
71260,370,77,65,620,43377,90031,289.66,657.17,6179.69,3870.13,486.74,532.32,83.47,10.41
71233,37,6,6,72,28939,48780,307.68,708.82,6561.62,4114.86,502.43,567.73,89.47,11.76
70451,21,5,4,31,36258,150000,324.03,751.97,5307.75,3138.44,283.93,509.28,49.12,4.32
70119,3451,1472,1352,6447,30596,218471,349.69,879.24,5394.52,3201.55,311.45,504.14,56.84,4.33
71331,107,23,22,228,48488,129583,391.1,949.4,6905.41,4113.6,404.42,659.56,73.21,8.64
70437,932,344,213,1890,53927,204730,435.36,1045.47,7758.16,4685.55,472,727.38,87.53,10.45
71039,190,41,39,382,36312,76202,276.7,635.23,5705.1,3541.82,435.12,500.97,74.71,9.15
71375,98,20,21,153,26251,68529,217.51,528.25,3794.45,2313.12,264.01,345.78,50.56,4.64
71339,17,3,3,31,36934,110000,284.06,647.24,6133.46,3851.94,482.72,526.74,84.07,10.8
71341,386,61,65,699,34703,151815,255.06,589.47,5339.1,3329.6,401.41,466.02,70.8,9.12
71333,90,13,15,174,39778,100000,333.71,768.79,7116.79,4463.01,544.94,615.77,97.04,12.76
71302,1328,297,304,2286,27434,106409,277.37,686.04,4515.01,2711.28,279.05,425.67,56.76,4.86
71323,116,17,20,225,36443,101154,281.55,650.97,5935.02,3711.42,448.43,516.52,79.91,10.46
70719,468,192,177,1263,67748,245694,559.88,1432.27,8882.31,5227.72,447.53,873.53,91,9.01
70736,62,12,12,129,49644,159000,378.02,904.37,7067.83,4282.15,455.1,654.52,81.87,10.08
71426,26,5,5,53,42510,94531,338.92,820.59,6038.54,3606.43,359.61,573.87,64.87,7.69
70342,507,131,108,1102,40352,141257,356.45,835.15,6774.87,4136.93,459.26,612.29,81.33,9.29
71358,111,23,23,233,34432,97194,263.14,597.37,5631.11,3530.33,448.12,485.41,77.27,9.7
70301,4319,1316,1303,9595,51253,173993,458.32,1121.78,7702.54,4597.61,446.1,727.83,82.45,8.37
70339,679,135,138,1404,49409,126269,383.11,915.41,7099.85,4294.34,451.7,659.83,81.69,10.03
70346,1089,239,249,2119,35842,118976,292.76,708,5429.54,3332.69,386.95,485.95,69.91,7.43
70462,674,143,142,1429,51865,153747,385.96,934.19,6942.63,4163.03,421.11,655.62,76.35,9.13
70464,35,8,7,75,55438,188158,468.61,1137.55,8273.93,4928.83,484.57,790.27,87.71,10.35
70503,2319,1899,1584,7364,76034,242982,748.3,2009.14,10903.53,6330.59,492.68,1085.67,101.15,8.72
70341,452,90,88,882,44648,117880,335.68,759.29,7232.6,4538.64,580.24,621.13,99.43,12.43
71419,330,50,51,536,36067,84559,289.73,658.25,6324.82,3978.72,500.59,540.14,86.86,11.18
71367,178,28,26,254,52178,85260,308.89,695.35,6835.56,4306.32,551.6,579.25,94.04,11.92
71345,6,1,1,13,28089,100000,230.26,518.76,4936.29,3094.29,400.41,424.71,67.94,8.32
70355,151,24,22,214,39934,94037,286.53,644.09,6363.81,4012.26,515.56,538.29,87.84,11.14
70356,290,58,54,526,34607,84459,262.63,591.62,5703.62,3582.54,461.33,487.68,78.45,9.75
71346,305,94,90,725,45205,151733,421.41,1053.32,6708.91,3967.91,354.32,655.35,73.56,7.12
71356,73,12,13,145,39783,99194,318.22,729.75,6793.58,4259.94,526.58,587.12,92.82,12.03
70466,906,232,200,1845,40995,159042,357.52,838.46,5961.91,3530.54,322.91,572.82,58.29,5.65
71406,31,5,4,44,39853,69828,328.01,737.36,7285.24,4593.2,590.21,616.22,100.56,12.76
70523,129,20,19,187,36726,94949,253.99,572.07,5623.14,3543.82,453.63,476.47,77.54,9.86
71405,508,134,166,1244,42744,128261,337,822.41,6064.48,3715.04,410.91,550.71,78.9,8.3
70519,25,5,5,53,65621,163095,558.99,1356.95,9869.73,5879.47,578.02,942.7,104.64,12.34
70520,1789,658,555,4717,48018,160232,427.31,1060.92,6914.9,4078.49,360.05,670.75,70.67,6.76
71353,176,36,36,369,20080,62426,200.69,455.46,4295.1,2692.72,342.08,370.22,58.94,7.39
70508,3018,1968,1650,9326,64747,254468,678.77,1708.89,10183.58,5945.92,481.8,1002.31,95.86,8.31
70420,683,336,243,1801,56935,228192,478.77,1245.83,7449.02,4400.7,376.25,726.69,75.45,7.98
70390,672,184,172,1541,40723,104898,344.75,809.18,6800.76,4197.26,495.03,607.59,87.6,10.55
70544,1111,230,227,2029,35505,92975,321.91,772.02,5860.1,3580.39,403.99,532.81,75.49,7.89
70549,551,87,81,792,37469,85070,263.34,593,5815.94,3662.93,468.44,493.07,79.91,10.11
70577,458,100,96,952,35785,95754,316.62,738.17,6273.23,3856.91,452,562.58,78.48,9.55
70380,2489,585,599,4493,39454,109886,331.73,796.42,6110.78,3742.05,419.02,549.07,76.09,7.97
70528,328,55,52,515,52386,136667,335.37,769.86,7044.17,4386.66,535.46,612.98,92.21,11.55
70543,529,92,88,866,41005,104150,293.87,680.78,6015.19,3723.46,442.77,530.48,76.67,9.54
71472,33,7,7,69,39527,92073,335.87,815.31,5930.13,3532.61,347.3,566.41,62.87,7.42
70394,1494,428,378,3175,45573,163360,403.16,988.05,7182.02,4355.87,460.71,663.55,87.09,9.29
70529,1124,317,285,2622,50603,158894,471.66,1139.32,7702.62,4528.46,396.79,742.79,71.77,6.87
71485,141,113,94,502,60919,202717,566.03,1484.36,8286.75,4839.19,377.64,829.43,82.8,7.21
70395,472,163,162,1139,60769,159912,492.26,1257.15,8163.54,4867.03,452.34,785.27,87.33,9.42
70644,34,7,7,72,47801,102273,388.36,942.74,6857.03,4084.79,401.59,654.94,72.69,8.58
70067,281,54,55,580,56352,175000,523.87,1252.66,9814.02,5949.27,633.81,907.89,113.99,14.05
71401,17,3,3,24,43944,70312,328.91,739.35,7305.02,4605.67,591.8,617.89,100.83,12.78
71454,244,55,53,527,39459,78909,287.54,649.36,6151.23,3855.4,494.49,529.97,84.5,10.45
70393,113,18,16,160,30649,106250,277.01,622.7,6152.38,3878.96,498.43,520.4,84.92,10.77
70127,2217,414,526,3989,32818,168511,305.97,762.27,4897.81,2916.98,284.96,459.08,53.61,4.43
71327,377,79,78,713,36953,99059,325.91,769.7,6222.26,3830.21,453.25,556.52,81.7,9
70514,257,48,55,473,33056,74883,269.69,624.03,5140.61,3164.01,363.27,459.19,64.33,7.09
71336,229,36,36,375,36676,87614,258.35,589.08,5578.07,3499.98,436.32,478.97,75.75,9.71
70392,786,223,200,1901,45628,133061,380.23,924.19,6646.13,3993.67,411.38,620.04,76.01,7.78
70714,1815,420,444,3801,42099,139068,370.01,903.01,5836.94,3450.96,304.91,567.12,64.32,5.67
70343,556,223,205,1350,59320,189375,516.68,1341.81,8295.49,4935.19,445.48,803.51,92.65,9.13
70750,209,40,41,431,32801,83140,310.96,706.92,6649.33,4168.3,527.2,573.5,91.15,11.48
71291,2853,1181,1104,7942,48756,176562,439.71,1109.5,6883.8,4057.21,356.08,666.3,70.73,6.23
70006,1234,770,671,3709,61502,268596,596.97,1531.78,8885.97,5218.89,427.83,871.72,89.08,7.94
70036,113,18,27,246,43927,136806,371.01,886.08,7180.57,4446.22,517.13,635.93,95.54,11.03
70056,3058,1344,1355,7207,51232,182834,492.84,1258.99,7479.79,4377.61,351.65,725.84,68.02,5.56
70507,1634,561,498,3860,50438,153541,438.86,1078.17,7088.94,4194.63,380.79,677.79,72.13,6.58
71456,129,29,28,277,35828,109444,333.47,795.89,6182.92,3735.28,399.82,574.71,70.84,8.46
70058,3199,1170,1344,7217,48945,173506,434.77,1086.03,6694.77,3921.77,312.58,654.58,62.63,5.39
71029,26,6,5,51,40356,113235,322.55,726.25,6981,4382.92,566.08,597.86,96.17,11.9
70403,2440,886,809,5495,41686,184617,376.99,940.97,6146.25,3674.91,355.42,578.61,66.99,6.49
71369,278,67,63,616,34421,75934,255.63,575.92,5480.2,3435.22,444.54,471.5,75.44,9.24
70086,223,37,39,456,37453,71062,331.14,796.74,5187.74,3076.03,280.38,504.78,61.39,5.37
70721,79,19,18,174,38836,89091,268.59,605.11,5757.95,3609.33,467.08,495.4,79.26,9.71
70465,68,13,14,91,19052,73106,177.3,438.78,2906.78,1754.75,190.71,269.98,38.29,3.09
