zip,med_income,bought_car,child_exp,polit_dem,polit_rep,disp_inc,bach_deg,rel_club,bar_club,food_exp,health_ins,male_pop,fem_pop,married
70634,41170,2862,1558,4915,6202,48881,2420,606,2816,63711635,30136326,13021,13346,11483
70748,39960,540,534,1447,1379,48167,390,246,482,10808116,5271486,4175,2340,1805
70810,75621,4510,3130,9934,8401,77672,8355,1312,6316,173374198,74446374,19979,21051,16206
70722,42640,733,419,1051,1316,52600,478,208,538,16673357,8122550,2831,2927,2461
71409,46564,788,469,1244,1832,52559,571,158,669,19637405,9456463,3642,3614,3219
71424,50128,149,87,216,372,56801,88,31,149,3757972,1793556,702,683,592
71032,49444,277,182,428,517,60683,164,65,160,7942443,3980391,1130,1125,980
70712,50646,45,656,1813,889,51043,426,184,698,1014033,432072,5402,223,1491
71355,40320,371,235,557,662,48686,200,73,223,8121149,4080070,1440,1543,975
71295,30371,1456,972,3815,2466,40729,736,366,1198,30238042,14461527,7257,7493,5014
70812,35152,809,435,5472,534,38251,1060,505,964,17880269,8161378,5241,6221,3159
71447,37198,198,121,299,330,39868,121,53,92,3384358,1679498,768,788,522
71006,67888,1594,1071,3144,3312,66025,1790,438,1938,46455386,21742509,7036,7288,6974
70836,0,0,0,0,0,0,0,0,0,0,0,0,0,0
70352,40751,32,20,57,44,45182,11,5,19,627711,313469,112,118,82
71404,42191,102,64,151,180,49778,2,28,51,2247599,1122650,420,398,330
71479,40960,89,64,164,164,43830,42,19,61,1724923,864809,441,290,299
71422,35522,167,115,219,388,41357,50,39,109,3262248,1647089,765,714,639
70449,53780,432,241,706,899,58565,207,79,425,12031674,5758212,1866,1867,1703
71360,45146,3826,2442,7286,8582,50522,3897,1086,4604,89721605,40907452,18134,19239,14486
70648,42998,806,575,1837,1867,49809,402,188,797,18635144,8959291,4798,3872,2957
71340,31890,121,163,469,357,44177,112,45,155,2274742,1135970,1228,441,508
71008,38133,92,57,113,188,44296,44,21,52,1908767,961682,362,360,307
70446,48349,725,382,1114,1775,50107,568,146,675,15864718,7404202,3380,3413,2843
71018,36265,242,133,331,353,38089,102,63,117,3721593,1839800,869,900,676
70125,38136,1233,939,6282,2016,50613,2395,469,2734,44736871,18956890,7862,9061,3539
70065,56384,5212,3809,12856,9487,62357,7412,1435,7048,154732626,68267320,24942,26029,20152
70754,54134,1230,624,2004,2990,57365,794,213,1121,31733172,14919182,5966,5782,5065
71342,35776,990,679,1939,1494,43825,496,199,623,18034946,8994669,4012,4029,3224
70436,22523,82,52,142,120,30757,38,25,34,995991,492151,337,357,223
71064,36938,528,368,966,912,41696,339,132,310,9274759,4623664,2268,2059,1415
70541,36839,56,31,83,77,54395,29,15,25,1269071,625464,209,230,134
71241,38878,1019,666,2678,1983,48303,659,308,960,27347656,12994444,5389,5320,4140
70422,33668,1531,940,3533,2742,41149,1257,411,1135,29326087,14126130,7498,7293,5416
70043,41786,1826,1168,4617,2873,45723,1492,493,2307,43199847,18204871,9825,9616,6106
70052,51321,456,296,625,986,52987,214,168,498,10274276,4992054,2015,2172,1510
70053,35769,1489,1024,4770,2230,44018,1171,421,2126,37364596,16042827,8574,7956,5040
70586,34619,2250,1475,5837,3225,42934,1330,539,1689,47323187,22605101,10232,10648,8045
71469,38826,356,216,584,612,48386,171,70,222,7539342,3731587,1409,1450,1257
70510,42621,2665,1647,6174,4872,48937,1630,637,2539,63754536,29950419,12559,13411,9799
70535,36501,1977,1285,4200,3346,43672,1000,456,1720,41297762,19988127,8867,9664,6801
70563,61767,2130,1384,3487,4955,65414,2298,587,2424,63204576,29754722,9524,9946,8642
71354,36519,202,138,308,411,43581,132,44,131,4003981,2014756,906,847,837
70739,62676,1503,1030,2471,3626,65773,2016,398,1990,43066242,19759035,6808,7067,6693
70554,25727,717,416,1248,1012,34011,311,141,396,10816435,5276210,2799,3039,1720
70546,40034,1729,1172,4451,2787,47392,1002,424,1537,39106487,18993606,8206,8574,6326
71115,52930,1650,894,3927,3146,63480,2623,453,1979,58350551,24854528,6978,7979,5385
71441,37426,91,60,173,132,45034,27,17,57,1736749,867305,372,356,331
71031,34498,135,93,267,203,40851,49,25,88,2267460,1132334,560,523,482
70657,47010,528,255,815,1259,51664,378,82,460,11930255,5657470,2535,2452,2469
71326,27679,154,88,240,204,41561,30,42,58,2627129,1298538,575,628,411
71343,36270,874,580,2164,1177,42297,516,202,586,16903105,8308269,3881,3589,3109
70764,44490,2021,1115,4183,3847,51772,1072,559,1640,48631379,23309816,9147,9516,6583
71227,39536,463,226,672,1074,50515,635,77,412,10023423,4744173,1943,2010,1972
70515,34214,426,325,938,760,42059,155,90,323,7475406,3715278,2213,1755,1462
70542,39162,472,303,871,664,46352,125,83,287,9306439,4647489,1713,1804,1688
70435,60720,2015,1368,3854,4629,65945,2975,630,2632,61492024,28862389,9442,9799,9144
70550,26234,24,15,42,32,31501,41,4,14,310477,155047,88,92,77
70559,39105,376,261,750,572,45282,147,71,247,7124467,3557846,1601,1559,1354
70773,50000,18,10,23,43,53443,7,4,13,453227,221683,80,79,59
70775,56953,1151,710,1847,2541,59443,1247,269,1111,29774937,14221643,4917,5103,3268
70780,53247,129,60,192,297,59940,89,19,108,3499990,1659737,559,548,510
70032,35986,425,267,1114,619,40757,406,109,480,9067044,3858715,2279,2080,1470
71435,37346,504,356,1005,795,46568,223,123,300,10007009,4983187,2337,1924,1596
70444,36775,1168,636,2366,2124,42827,644,273,845,23301048,11094579,5358,5466,4139
70431,60303,672,398,1009,1639,65079,545,153,756,19731538,9343641,2946,3008,3121
71463,33386,864,778,2628,2165,39843,495,276,1049,17956677,8700688,6292,4563,3898
70570,29010,3663,2183,11591,5949,38063,2652,1139,3544,74390916,34653246,18826,20808,12292
70578,42788,1952,1122,3818,3486,48100,948,433,1529,41730121,19969560,8567,8920,6506
70580,37149,27,16,46,35,43234,24,4,15,493354,246373,95,98,79
70803,16120,36,94,385,313,22817,128,40,565,584188,185696,680,726,151
70805,25846,1581,1281,12160,1466,30062,1136,859,2670,38700824,16936104,13490,15465,5288
71468,36467,105,54,139,240,41130,45,18,79,1929323,936855,432,459,402
71483,32270,1085,809,2325,2403,40578,705,318,1038,20396479,10081033,5846,5116,4017
70791,64931,2756,1903,5287,6786,65160,4039,821,3624,79961986,36424583,13311,14210,10752
70801,28495,12,4,16,15,32858,12,2,11,219909,83969,36,33,5
70092,34640,626,459,2299,944,40129,342,217,631,13364831,6007024,3622,3879,2562
71473,36075,58,37,62,137,39654,27,13,35,1122329,568221,243,245,296
70040,36811,164,90,266,324,47844,144,36,110,3354241,1618870,694,698,531
71467,44858,653,499,1501,2286,49535,243,161,822,14579003,7009957,5468,2840,2712
70124,75203,2285,1536,5576,4252,82113,5473,578,4030,102510012,44258921,10408,10656,9362
71272,0,0,132,541,441,0,0,56,795,0,0,1068,844,11
71055,38189,1928,1298,5854,3398,44556,1637,581,2040,45602116,21479971,9830,10349,7290
70443,42871,1317,680,2018,2535,47411,739,283,922,26581745,12597090,5668,5874,4243
71438,41093,202,111,275,456,46519,63,37,149,4245722,2073566,897,901,776
70003,54869,4287,2963,10353,8573,59687,6180,1230,5922,120229829,55031234,19577,20768,15768
70005,58143,3080,1835,6406,5827,71172,4859,779,3794,112009424,50236595,12158,12659,9735
70115,52431,3426,2280,11815,5356,65599,7636,896,6920,156023221,63844249,16804,17782,10765
71040,32663,790,772,2782,1854,39824,641,336,870,15925706,7775441,6160,3793,3037
70526,34880,1785,1171,5436,2802,41951,1087,434,1832,40530205,18933251,9493,10054,6389
71070,34792,236,155,410,381,40606,104,45,147,4077205,2041757,912,881,874
70659,34786,164,98,233,401,43633,148,49,167,3116352,1393363,754,774,630
71107,36857,2846,1734,11001,5058,45669,2175,1021,3404,73234099,33660807,16712,17351,11351
70085,38553,560,310,931,1082,44881,212,128,380,10879810,5255011,2495,2409,2007
71209,0,0,9,34,34,0,14,4,25,0,0,64,98,25
71280,51967,526,323,822,997,61084,592,134,543,13987854,6631237,2200,2308,1917
70655,39466,411,261,729,593,43085,160,88,224,7310611,3639273,1589,1616,1066
71068,30630,493,276,771,625,39897,123,108,214,8012553,3976569,1635,1752,1391
70660,46111,200,158,492,770,44897,201,51,278,3813015,1815877,1758,1043,1104
70663,50176,3121,1785,5515,6465,53408,2258,700,3287,76855298,35657363,14016,14821,12134
70706,65808,2307,1670,3752,6098,62502,2165,718,2998,61763644,27759714,11246,11687,9664
70121,43170,1220,788,3502,2201,47871,1600,308,1611,33679557,15024825,5778,6065,3671
70122,39331,2984,1864,15161,3323,49130,4379,1313,4019,93041677,41915503,16120,19060,9685
71292,39589,2475,1324,4413,4824,45590,1208,531,2259,51128612,23605223,11314,11513,8646
70375,50000,17,12,31,27,50224,13,5,7,342606,169293,83,58,49
71423,43053,536,301,735,1260,49091,343,125,514,11506995,5559210,2414,2429,2000
71429,42613,381,237,612,812,47019,183,81,319,8117659,4060679,1623,1667,1720
71430,39581,298,166,471,706,48697,112,54,260,6622114,3184538,1501,1391,1287
71433,36927,579,363,898,1019,40623,199,132,341,10125622,5034666,2359,2419,2204
71457,28476,2792,1727,6839,5069,41441,2127,753,3286,61344692,26894523,13539,15015,8368
70726,56511,6084,3928,10287,12461,58212,5400,1536,6561,157646566,69759165,28198,29287,21540
70130,53399,1717,1062,5923,2199,63989,3986,387,3469,82041738,31752023,7976,7508,3771
71328,52768,820,478,1239,2067,53084,823,212,824,19086682,8749173,3793,3914,4083
70787,38441,22,10,28,24,44336,9,5,7,386074,190771,62,67,38
71112,53196,3716,2447,7505,8011,55230,4154,1020,4767,95304158,42343955,17513,17784,13121
71351,33190,1199,712,2832,2190,42363,550,337,1050,24862203,11966064,5758,5934,4196
70517,43406,3107,1678,5606,6103,49349,1936,659,2686,68910200,32140218,14251,14493,11179
70463,55620,17,7,24,36,65829,9,2,13,506166,240030,66,68,78
70402,0,0,117,479,322,0,181,39,372,0,0,681,890,250
70139,0,0,0,0,0,0,0,0,0,0,0,0,0,0
70163,0,0,0,0,0,0,0,0,0,0,0,0,0,0
70340,41523,7,5,20,16,41082,0,2,8,135641,58626,51,46,30
71203,41083,3657,2301,9076,7667,48801,4256,1110,4711,93382645,40736343,18103,20547,12723
71220,28157,2055,1311,6409,3601,35963,1578,636,1952,39932316,19030000,10538,11699,7836
71371,48775,275,182,523,399,56890,110,50,172,6847383,3419475,1077,1074,836
71377,39933,13,11,31,24,43064,1,3,10,246543,123120,86,24,28
71410,32911,17,11,32,24,36005,6,3,10,248025,123860,64,64,50
71414,26264,30,19,52,44,33665,20,9,12,404679,199965,117,124,57
71416,32588,129,72,193,172,36644,91,34,48,1873704,927029,435,482,349
71417,36360,557,346,901,1008,41461,291,153,320,10366645,5113359,2479,2476,2035
71418,37259,758,491,1428,1206,47006,424,140,536,16680840,8187059,3049,3241,2472
70582,42689,2318,1403,4702,4039,47737,1562,518,1713,48432395,23470082,10060,10472,7770
70079,58160,352,218,533,751,57907,149,98,449,8517863,3959518,1511,1584,1266
70585,57808,35,20,58,44,52174,5,6,19,760692,379878,128,117,124
70589,35000,421,219,620,733,45221,210,90,238,8187031,3981102,1679,1717,1305
71222,38439,407,246,645,666,42842,132,105,222,7901315,3915021,1688,1754,1263
71226,41756,226,126,279,391,46073,107,52,107,4651600,2320732,832,858,688
71232,39417,663,418,1611,1259,49803,399,209,546,17779007,8591008,3371,3404,2613
71238,48716,330,171,460,774,50439,198,57,264,7334022,3541162,1474,1454,1339
71251,38468,814,607,2303,1693,43835,508,259,752,18963979,9225413,4801,4314,2827
71001,28697,478,310,1143,813,38312,424,136,385,8977275,4254055,2110,2393,1410
71019,34526,926,605,2069,1390,44064,503,229,584,19331099,9536900,3985,4238,3095
71027,48437,197,93,279,445,47983,97,31,157,4104696,1960127,832,841,740
70113,20126,680,447,3785,729,31228,869,274,1082,16602326,6896631,4332,4451,1623
70633,41893,821,534,1709,1659,47870,418,183,642,19431125,9472828,3981,4080,3737
71028,30691,245,134,362,314,41583,97,63,88,4246554,2099620,814,861,693
70116,32102,1214,758,5574,1454,47526,2424,417,2156,46117083,18744193,6972,6125,2848
71261,29348,244,134,359,320,40421,107,63,89,4067742,2012955,844,902,691
71263,31475,975,600,1548,1746,42810,459,215,575,18953222,9348604,4022,4190,3416
71268,45372,321,206,460,704,47464,245,83,261,7071434,3525272,1390,1423,1497
71269,32326,1179,882,3090,2528,40204,758,370,1119,24847700,12024734,6335,6628,5047
71270,32088,3101,1916,7914,6143,44733,4183,862,4316,79008944,33409215,15629,16129,9474
71037,59594,2428,1436,3873,5471,61724,1904,577,2554,65381979,29975654,10684,11047,9499
71051,57457,261,176,467,636,61755,190,78,316,8083318,3840509,1251,1260,1258
70537,46658,70,47,136,103,48228,33,13,45,1421698,709973,289,289,243
70656,36801,487,285,843,846,42658,190,84,339,8785039,4294320,2097,2043,1601
70441,36625,654,387,1067,942,46104,183,178,298,13052220,6443770,2555,2631,1589
70650,56440,47,22,72,111,58469,41,7,41,1248239,591930,213,222,184
71219,48240,164,107,285,263,58529,86,31,102,4446298,2225656,648,663,594
70558,77517,18,10,23,39,72759,19,5,16,644597,288208,72,73,51
70788,36497,477,266,1461,575,44446,346,176,301,9533757,4603690,2135,2321,1364
70401,41144,2319,1405,4918,4325,49473,2044,522,3158,58721069,24734378,10670,11648,6994
70774,55561,1205,641,1832,2916,60135,824,253,1131,32712341,15222794,5576,5578,4933
71043,37088,86,48,131,111,47495,60,23,31,1678954,829624,306,285,290
70737,60560,4788,3034,7875,10722,62421,4978,1239,5348,135129643,60438502,22415,23036,18638
71264,35731,127,86,203,243,44213,110,27,82,2575174,1294288,522,530,418
70584,40417,997,529,1514,1794,50134,677,200,671,21771480,10473321,3975,4244,3335
70123,60144,3043,2073,6985,6098,65408,4662,753,4620,104729113,46022062,12867,13997,10521
70647,52405,1046,564,1775,2319,55384,746,193,1030,26170083,12191245,4967,5112,4047
70452,43710,1608,814,2440,3760,50148,905,274,1457,34575693,16403664,7034,7150,5893
71259,37995,178,123,204,455,46410,166,44,117,4113369,2082546,840,867,848
70391,43474,26,17,32,59,52122,20,7,15,660624,333254,109,118,109
70071,54744,301,213,1032,604,63971,263,136,386,11030581,5273633,1710,1809,1310
71466,39224,73,35,111,172,46697,14,11,63,1470401,697282,336,329,276
70001,47853,4319,2571,10133,7811,56384,6036,1146,5612,133033563,56608798,18690,19742,13482
71103,19066,437,311,3716,344,26025,368,272,705,9461619,4166231,3632,4171,1330
70740,51592,180,77,248,383,53709,67,25,140,4209252,1996077,735,712,589
70782,38867,42,24,66,56,43959,21,11,16,747633,369429,146,159,90
70374,54008,855,521,1370,1644,56069,430,218,724,20663313,10040517,3660,3604,3005
71303,53949,2227,1448,5419,4781,60558,2533,613,3043,70246845,31091855,10739,11761,8014
70662,51655,52,23,72,111,52888,16,7,41,1172425,555978,216,222,244
70131,51348,2903,1962,9465,4455,60076,4223,1064,3851,96244675,40929437,14503,16115,10321
70637,47888,78,36,117,180,50962,51,12,66,1747262,828573,363,358,244
70789,32081,67,34,347,49,40542,53,33,66,1403625,660360,350,371,259
71024,44526,185,120,341,266,48916,49,38,106,3836263,1911015,705,723,489
70438,33397,2118,1247,4115,3942,41346,1288,477,1485,40707867,19730441,9465,9751,7898
70814,50641,1521,1054,3693,2551,51786,1541,418,1996,35833765,15065835,7281,7991,4691
71368,30509,201,114,318,259,38071,99,46,87,3072614,1523992,705,745,575
70041,40348,303,142,537,508,44878,80,62,235,5856270,2618649,1424,1298,998
70607,39450,2901,1515,5903,5247,46791,2487,706,3120,67786788,29227897,13497,14423,9575
70525,37106,1582,932,2895,2563,42117,584,319,1057,28704033,13898849,6742,7016,5595
70094,39360,3033,2016,8118,5044,43991,1879,974,3362,65659949,29769894,15495,16579,9889
71108,28749,1304,905,7680,1261,32792,914,611,1859,29104069,12784328,8903,10902,4317
71044,29838,101,52,142,120,43557,50,25,34,1796843,887877,336,323,297
71411,33662,391,241,685,533,41952,131,75,214,6856827,3416767,1423,1525,970
70516,52711,181,101,293,420,54812,193,36,162,4396935,2077405,893,830,849
71455,37467,33,19,43,57,39618,16,8,15,577421,288408,123,123,83
70397,38489,153,107,299,240,47174,55,40,86,3089701,1535075,667,675,638
70117,24790,1995,1388,12314,2007,33389,3018,877,3225,50432242,21900327,13675,14187,5591
70532,43465,355,235,674,514,48852,154,64,222,7521208,3755973,1504,1267,889
71065,34156,166,105,301,230,54505,107,29,99,4151570,2072927,629,623,454
70769,87878,4560,3487,7806,11308,78111,7359,1242,6550,152364342,67196390,21986,22233,20085
70518,64576,1669,994,2623,3582,69852,1932,407,1727,53702680,24157507,7406,7525,6104
71247,35194,149,76,269,246,38850,74,36,132,2509160,1232177,566,603,563
70732,44698,159,76,241,366,49355,70,24,137,3365939,1596691,664,694,576
70442,45040,35,15,49,76,53026,4,5,28,839256,397985,154,144,120
70816,51578,4896,2846,10680,8222,56741,7825,1215,6387,140416078,57581708,20801,22700,14486
71279,36917,8,4,11,8,45286,4,1,4,136945,68388,22,23,19
70785,58679,2533,1446,4035,5876,57593,2140,680,2490,65601189,29394582,12016,12142,9776
70039,45980,261,150,657,529,53483,202,94,270,6664760,3035340,1323,1483,909
70591,36537,641,426,1053,1197,44282,311,144,459,12236368,6060692,2715,2815,2098
70645,48204,160,115,190,424,63912,77,41,109,5330010,2698516,792,694,892
70114,33823,1946,1198,9378,1785,40794,1915,779,2633,50398329,21533083,11118,12898,5685
70501,29338,2320,1657,12998,3115,37350,2415,998,3299,59988256,26621309,16136,17140,7444
71250,32935,27,15,36,39,39335,13,6,11,448558,223489,91,93,84
71452,32438,10,5,13,11,36706,6,2,3,146723,72500,29,33,23
70030,53605,535,355,794,1261,55124,199,147,524,13024820,6204223,2557,2454,2154
70640,52068,36,24,69,53,51947,10,7,23,804056,401533,153,136,124
70353,35645,159,106,296,237,38654,34,39,85,2512535,1247854,723,696,501
70047,77813,1451,1002,2855,2960,74215,2154,385,2038,44585757,19922896,6616,6799,5814
71350,31331,441,285,1078,775,39197,235,117,438,8553313,4143353,2087,2131,1653
71407,50090,108,51,164,254,45959,36,17,93,2062092,977869,508,495,596
71465,37692,403,258,736,569,43959,172,71,244,7410357,3701352,1558,1590,1534
70363,41317,2488,1696,6665,4158,46843,987,687,2548,54273169,25022273,13690,13102,9547
70733,52659,209,95,305,471,64099,85,31,172,6070301,2878609,897,892,731
71034,48929,37,25,72,55,52900,15,7,24,826284,412633,146,146,141
70807,23761,859,859,10017,645,30197,1011,694,1794,21891960,9736348,9951,9887,3429
71237,35438,157,143,400,327,40092,71,42,133,2697301,1347260,941,654,561
71362,40887,247,139,342,599,50451,96,47,192,5797191,2828154,1152,1185,949
71129,41719,1478,805,3074,2581,47395,1586,392,1699,35485150,14631921,6307,7069,4154
70783,52251,316,174,519,664,60047,257,62,319,9200365,4480068,1362,1382,811
71110,40124,296,155,583,526,47258,253,66,612,4739530,1639491,1902,1299,1037
71316,35000,6,3,5,11,42433,4,1,3,126037,63811,21,19,21
71079,23870,34,25,72,55,31774,11,7,24,437677,218569,134,150,102
71427,37670,56,34,82,92,39851,32,15,25,969899,482475,217,218,134
71234,51089,502,268,666,1151,56727,419,92,393,12989610,6308721,2094,2132,2156
70729,55520,120,71,183,304,54837,56,32,122,2933555,1337528,565,576,492
70575,60495,8,4,13,10,75225,5,1,4,285283,142466,27,27,24
70075,59994,515,406,990,1089,58445,422,146,616,12975512,5580731,2656,2619,1885
70031,53319,160,106,193,402,55830,154,65,228,3994924,1927290,715,732,504
70819,52715,499,376,1157,696,52702,511,118,580,11930780,5166608,2407,2604,1639
71073,36795,300,152,452,552,41200,201,59,190,5126893,2475092,1197,1187,859
71253,32604,35,20,57,44,36973,6,5,19,515466,257416,116,131,102
70372,41318,299,145,448,628,50183,172,52,223,6267989,2994601,1229,1267,1122
70049,34064,241,156,953,276,39383,291,103,180,4775877,2284130,1177,1420,758
70050,43708,10,5,15,14,49289,0,2,4,210236,102988,40,35,31
70051,35527,219,122,680,441,40840,100,54,225,4652212,2176806,1188,1322,894
70037,61828,1685,1078,3113,3631,63398,1511,369,2300,46161599,20047100,8087,8162,7299
70038,50175,52,27,93,76,49188,19,13,33,1099743,500079,249,203,184
70002,57232,2032,1240,5274,4086,69848,3265,607,2764,83754283,35659009,9650,9629,7615
71021,20483,71,43,277,65,27324,41,25,52,1175069,553788,344,394,282
70359,46450,908,480,1634,1791,50547,610,226,835,20465339,9014325,4466,4585,3370
70524,28415,37,17,54,84,38753,13,5,31,590357,279954,156,169,141
70611,66443,2167,1355,3132,5514,67265,2301,582,2448,64654906,29875102,9928,10394,9953
70555,59036,919,597,1436,2346,63687,642,288,985,27536093,12404687,4428,4437,3532
71378,31388,341,207,580,467,40430,114,79,164,5641251,2801164,1196,1404,850
71256,36046,83,52,144,118,39576,32,22,39,1312432,650326,305,349,258
71109,23635,1396,917,9790,1086,31578,953,739,1908,33279246,14759398,9850,11577,4405
71425,42775,30,19,54,41,51021,18,5,18,679504,339334,111,108,132
70128,44238,1788,1218,5285,3295,47856,1871,585,2356,40574876,17753560,8963,10394,5343
71202,25397,1630,1139,12292,1754,31077,1045,935,2481,36335183,15972783,14576,14798,5059
70646,56489,86,56,103,214,58661,73,24,110,2090766,978991,378,373,292
71071,42545,337,218,568,565,46072,274,80,265,6468550,3200766,1330,1369,1272
71072,48996,177,118,261,355,52552,148,38,112,4288751,2158045,755,755,707
70756,43215,53,24,77,119,48052,11,8,43,1105129,524065,213,225,226
70654,46478,21,9,28,44,51164,17,3,16,468632,222231,90,86,56
70820,25559,1845,1208,4921,3936,41257,2320,573,5381,50232526,17191467,10776,9688,4024
70749,55283,203,129,278,476,68461,139,50,186,7292146,3738254,831,833,681
71461,40605,259,158,432,562,46137,223,68,287,5575976,2449339,1170,1281,987
70752,51628,105,51,150,241,51951,53,18,93,2403033,1141934,466,426,354
70744,50584,754,368,1166,1732,52853,485,117,637,17540427,8341039,3473,3379,2682
70747,39912,18,13,28,41,43296,10,5,11,353695,177336,89,93,63
71325,38459,177,99,283,274,43859,105,39,93,3221141,1579340,698,686,487
70734,72800,900,776,1508,1829,69118,1139,242,1122,25224956,10733823,4262,4444,3910
70802,22633,1912,1377,11740,2332,30127,2193,869,4087,44835657,18464868,13727,13994,4708
71225,53986,845,470,1248,2093,61281,655,183,855,23158960,10829339,3818,4021,3831
70581,45063,102,75,141,282,51818,61,31,144,2144333,1006997,484,480,524
71023,44059,410,239,637,840,47159,140,81,382,9202589,4455087,1755,1793,1478
70433,64053,4084,2756,8953,9028,70829,7049,1285,5398,136438246,62366874,19552,19906,16646
70592,75786,2681,1869,4263,6155,71281,4034,735,3251,84251254,37093199,12409,12696,9927
71480,40493,87,121,346,264,43816,54,33,114,1620257,809131,863,432,411
71459,43510,1240,549,2066,1866,43106,1044,235,2171,17881342,6185485,6701,5135,5451
70815,48853,2858,2081,7406,5906,54032,3728,873,4052,77122134,33530345,14581,15770,9822
70817,86684,3926,2686,7175,8462,80537,7340,1074,5475,136987751,60891069,16382,17394,15549
70818,62655,1115,817,2045,2574,63965,1092,292,1586,31051118,14253201,4987,5178,4768
70583,42172,1406,799,2598,2415,49402,1099,283,1327,32201281,14678934,6251,6570,4604
71322,30925,666,450,1547,1228,39509,481,176,616,12671522,6116072,3259,3343,2282
70112,35116,338,264,2028,515,54584,737,124,921,18221215,6870230,2496,2362,684
70811,43690,1188,700,5717,1350,45941,1109,542,1435,28804234,13303836,6531,7641,4175
70755,56526,269,144,407,643,56860,146,50,266,6522873,3088745,1162,1238,1045
70763,66301,427,322,674,1064,69174,340,130,648,12784216,5804027,2046,2082,1931
70552,50485,212,125,375,416,61140,56,37,163,5985091,2910313,931,930,736
70757,37090,409,232,671,750,42606,189,97,245,7216416,3503724,1660,1762,1292
71474,45793,76,35,105,168,50704,45,12,59,1701464,812891,316,323,308
70531,41167,174,122,349,266,45146,66,33,115,3317997,1656955,725,704,650
70759,38396,159,109,409,271,44424,87,40,206,3713408,1763697,817,809,597
70760,31838,596,389,2731,731,43773,604,211,663,17066125,7958498,3426,3856,1986
71462,34497,194,125,358,274,50845,94,34,118,4359316,2177174,788,722,632
70533,43595,862,456,1404,1817,48898,536,140,687,18416126,8848628,3726,3927,2815
70534,50000,113,81,232,177,50658,60,22,76,2395343,1196196,499,476,371
70753,37833,111,62,170,144,38507,5,29,40,1665306,822881,397,407,288
70761,32222,101,55,316,107,40511,84,38,60,1849798,890621,435,453,333
70762,62787,129,85,173,324,66233,93,35,165,3689873,1773032,528,520,577
70652,45457,266,125,399,617,54817,165,40,225,6551652,3106872,1259,1198,1266
70710,52228,547,301,809,1328,52774,534,131,523,12524483,5741926,2499,2565,1830
70711,50756,646,312,999,1544,55107,478,100,563,15788356,7487027,3082,3015,2426
70776,56800,393,248,552,826,60497,573,108,366,10118049,4840048,4155,2721,1798
70669,47360,1278,679,2042,2448,54215,581,317,1141,31267207,15018897,5345,5482,4367
70777,53601,487,252,748,1144,55694,336,86,432,11891751,5653658,2199,2254,1880
71075,35929,668,425,1877,1084,42607,488,181,662,15024321,7219938,3122,3370,2204
70808,61364,3486,2396,9495,7403,72710,7195,1014,7566,152377047,62210037,16943,17633,12339
70665,60718,1327,800,1841,3333,63324,1311,344,1514,36917204,17293481,6150,6287,5890
70809,63885,3188,1910,7126,5179,70948,6306,709,4720,119535232,49935439,12437,14091,10149
70556,49385,44,29,83,63,47532,26,8,27,906241,452563,177,168,135
70767,48510,1563,1004,4357,3085,50794,1359,515,1582,40597507,18721931,8105,8279,6171
70651,45568,58,28,90,139,51984,18,9,51,1328739,630104,285,276,211
71003,33446,142,76,208,176,47314,107,36,49,2702576,1335429,494,497,359
71004,44264,92,62,177,135,52127,109,17,58,2044609,1021046,366,332,325
70576,54450,107,137,394,301,52215,9,38,130,2390897,1193976,956,623,591
70806,36429,2737,1615,8847,4763,48578,4364,828,4097,85853479,35764493,13543,15533,7666
70770,67951,355,240,495,959,68664,384,100,465,10656505,5017755,1589,1607,1458
70772,53278,103,46,146,216,58653,67,16,78,2656499,1264078,404,433,319
70778,49743,326,172,499,708,57473,230,68,318,8209250,3775945,1463,1465,1238
71016,36181,253,144,431,452,40930,113,42,179,4388994,2144769,1059,1056,867
70080,48196,191,93,296,444,46628,150,31,164,3803295,1796707,910,887,706
70087,45396,771,484,2428,1221,48701,642,218,1048,17389002,7720072,4018,4283,2668
70084,42140,897,578,1637,1389,44746,487,260,529,16647775,8112369,3922,3897,2507
70062,34912,1495,1059,4902,2187,40740,972,467,2049,32606154,14152031,8306,8913,5104
70090,55225,862,556,1351,1877,59572,637,275,859,21816676,10522811,3804,3956,3172
71038,26424,462,284,884,729,38341,249,90,343,8538758,4124052,1854,2081,1448
71045,32721,86,53,135,137,39167,41,21,42,1416848,705726,332,323,315
70076,49119,31,15,50,77,47531,11,5,28,619774,293904,142,150,127
70057,51943,501,360,867,1304,55685,347,149,552,11827650,5616317,2727,2365,1687
71048,36907,15,9,27,20,44377,8,3,9,274267,136965,50,55,40
71061,32441,262,142,389,328,49436,83,66,95,5174364,2558119,914,921,752
70615,38187,1118,607,4436,1669,44816,646,390,1214,26754277,12278217,7647,6746,4415
70638,41275,117,77,222,177,45872,53,21,76,2232372,1111124,486,500,448
70658,45025,122,54,172,266,51963,35,17,97,2807775,1331480,544,527,403
71104,38569,1455,892,4862,2323,45504,2260,434,2162,40164190,16679321,7478,7967,4814
71063,33085,98,58,159,135,46377,60,28,38,1848274,913291,373,384,315
70630,62143,155,103,207,400,62540,139,46,191,4186474,1926101,699,718,636
70605,63445,4048,2522,7852,9076,69632,5931,1089,5530,136562241,61709187,17945,18972,16102
71105,55207,2776,1509,5965,4762,58746,3952,708,3437,83101251,35081292,10789,11571,8243
71078,52895,719,396,1015,1748,54326,618,180,780,17040077,8134498,3272,3241,2996
71067,41561,409,221,739,704,45559,140,94,334,8109117,3647954,1812,1915,1748
71030,50982,196,89,282,437,55294,164,29,159,4791674,2274998,862,857,774
70601,30308,2907,1814,12344,3503,39035,2640,1040,3661,69863068,30925359,15785,17400,9331
71106,51473,3228,2185,10525,5861,70428,4895,1190,4628,132653422,59283381,16873,18706,13445
71101,19527,588,376,3447,488,25969,530,254,745,11632989,4907267,4038,3971,1363
70450,31957,348,213,412,834,42612,191,75,235,7350466,3665840,1548,1582,1227
70118,37063,2774,2090,12156,5282,54151,5835,1005,6223,109098581,45580354,16766,18576,8626
70453,38826,128,79,224,204,43686,28,29,72,2325782,1146834,548,538,411
70456,26648,426,254,693,590,34379,201,120,170,5805977,2868344,1656,1693,1240
70743,66107,37,24,44,91,67543,14,15,52,1141626,550760,187,161,125
70455,41523,180,84,269,415,43331,171,27,152,3296312,1563151,794,810,673
70070,69552,1457,1014,2485,3333,70630,1671,430,1824,42857694,19898839,6477,6850,5494
71118,47734,2727,1623,5334,5224,50669,2523,748,3266,64030080,27795744,11363,13129,8513
70730,49042,406,263,644,785,53952,260,114,309,9808140,4818217,1703,1776,1268
71111,54524,4647,3086,10071,8722,58756,5513,1287,5652,135066921,57578223,21231,23020,16477
70072,45952,5385,4010,16008,8856,50088,3699,1632,6302,131725833,59306815,27204,29973,20811
70715,41983,152,109,188,393,46015,132,40,102,3400257,1719300,752,790,519
70723,44095,202,143,390,330,49428,117,68,93,4103903,2027869,966,878,464
70725,64710,191,143,261,544,73137,342,60,279,6163144,2885861,909,967,1050
71223,30086,55,34,92,80,38938,30,16,22,888764,439493,208,212,183
71201,47017,2198,1249,6076,3807,60444,4062,629,2750,77190626,33892625,9672,11060,7273
70360,63948,3039,2165,6707,6519,67704,3539,849,4112,96144426,43132637,14113,14700,11595
70373,53933,875,508,1433,1936,53944,529,173,797,20299784,9759651,3961,3903,3441
70364,49462,3293,1920,5773,6522,52818,2358,873,3383,80947095,36346469,15309,15753,11741
71432,45245,134,86,247,189,46082,41,24,82,2551746,1274471,498,527,454
71439,39270,241,163,399,444,41813,57,49,155,4397321,2205962,996,1031,999
70506,42723,4660,2704,11750,8281,49778,6273,1328,5965,129022701,52279647,22015,23034,13669
71235,46024,573,325,741,1220,51966,616,130,512,12982453,6220151,2267,2335,2322
71245,25389,268,307,1116,975,33033,252,109,685,5031435,2244162,2039,2728,701
70512,46031,1195,664,1768,2654,48888,660,218,904,26211790,12756577,5258,5398,4450
71275,37638,298,165,408,718,47676,220,56,231,6481994,3161022,1350,1282,1086
70513,46101,18,10,29,22,48466,15,3,9,369553,184549,61,52,15
71243,32170,22,13,22,49,44550,13,5,13,504998,255674,99,92,86
71450,44964,139,88,250,196,51933,95,28,77,3061318,1523919,530,539,519
71277,40017,200,126,243,472,48076,120,46,130,4732543,2369007,873,890,764
71301,36126,1813,1203,8016,2711,44971,1897,666,2487,51366382,22898244,10824,12222,6570
71229,39648,178,121,316,363,46818,127,52,109,3636640,1787028,854,767,710
71266,32569,218,129,357,297,40182,112,48,103,3650761,1813815,822,849,624
71260,43377,425,255,714,605,45520,168,88,233,8064493,3998349,1533,1622,1345
71233,28939,33,23,37,83,45349,17,8,21,787395,398648,147,148,138
70451,36258,22,10,40,33,41295,17,5,18,398081,170719,102,95,61
70119,30596,3207,1982,14882,4303,40541,6318,1167,5176,94296246,39246793,21684,20036,8416
71331,48488,122,56,178,275,52173,47,18,100,2810501,1332773,528,546,613
70437,53927,971,597,1521,2257,59054,774,202,933,26897531,12970833,4394,4575,4233
71039,36312,249,140,397,377,42212,115,57,125,4313052,2116818,905,1002,741
71375,26251,91,60,494,67,29638,41,38,89,1893433,881714,549,585,276
71339,36934,16,11,24,33,45906,9,4,10,331207,166269,67,73,49
71341,34703,370,231,502,780,40327,152,76,240,6828704,3415842,1621,1574,1524
71333,39778,85,54,90,200,51165,40,20,52,2241790,1134990,397,288,248
71302,27434,1068,724,6662,1003,35698,812,522,1372,26476046,12220153,7129,8334,4522
71323,36443,92,69,119,259,44146,90,25,68,2006036,1012010,459,513,470
70719,67748,562,360,817,1490,68309,661,147,673,16876396,7872722,2625,2729,2268
70736,49644,64,34,90,153,52305,29,11,51,1540787,746647,295,278,213
71426,42510,29,13,43,64,48286,13,4,23,585738,278412,124,127,109
70342,40352,605,380,1003,1136,49680,311,157,451,13163579,6287196,2553,2632,1907
71358,34432,139,84,199,235,41143,37,37,64,2477688,1234493,528,579,407
70301,51253,4934,2902,10696,9817,57175,4740,1196,5099,136566051,62289815,22433,24091,17680
70339,49409,730,370,1008,1670,52870,224,125,579,17678634,8557007,3026,3072,2746
70346,35842,1054,685,3311,1716,41023,949,417,928,22239405,10494187,5698,6074,3139
70462,51865,764,364,1056,1711,52430,509,121,607,17884217,8554286,3188,3250,2605
70464,55438,41,18,58,90,61719,22,6,33,1125254,533609,164,171,177
70503,76034,3294,2352,7741,7049,80232,7402,911,5139,132717810,58547905,15176,15999,11805
70341,44648,523,339,873,857,51701,236,140,260,11680648,5809737,2148,2267,1524
71419,36067,301,203,484,563,45681,102,62,192,6274226,3151443,1293,1252,1239
71367,52178,173,110,317,245,48995,109,30,106,3616009,1804489,683,674,681
71345,28089,12,5,15,12,35141,2,3,3,167834,82932,32,36,19
70355,39934,128,94,270,206,46424,72,26,89,2481887,1239415,565,542,431
70356,34607,334,215,602,492,41413,195,84,169,5703624,2830037,1299,1392,894
71346,45205,338,183,929,619,52737,186,107,360,8339175,3911781,1607,1676,1385
71356,39783,75,47,89,161,49375,27,18,42,1793504,903515,329,333,306
70466,40995,1073,543,1759,2022,45916,841,252,893,21635762,9677249,4936,4673,3423
71406,39853,28,19,55,42,51881,24,5,18,626531,312879,114,116,112
70523,36726,112,80,223,183,41307,37,22,76,1956852,978259,459,481,224
71405,42744,657,372,1241,1289,46496,532,176,678,13705715,6678318,3002,2867,2295
70519,65621,29,13,41,64,71043,26,4,23,947494,449313,114,123,101
70520,48018,2161,1395,3716,5212,53314,2028,632,2374,52684630,24178913,10346,10632,8443
71353,20080,239,134,318,370,31910,69,58,100,3238508,1613015,860,892,623
70508,64747,4675,2918,9123,9512,74037,8686,1201,6166,172153475,75590259,19709,20868,17329
70420,56935,861,581,1545,1950,59334,1178,195,1084,23211135,10863248,3969,4226,3480
70390,40723,836,533,1419,1567,49253,500,229,519,17702368,8687453,3544,3742,2514
70544,35505,1012,682,3643,1592,44391,624,364,927,24442492,11654794,5545,6112,4272
70549,37469,536,344,986,763,42696,269,95,330,9538135,4756266,2022,2128,1631
70577,35785,590,311,896,1005,45296,232,124,338,11536475,5618134,2401,2436,2086
70380,39454,2571,1612,5310,4569,45866,1346,590,2327,56842453,26844280,12082,12006,8420
70528,52386,305,198,579,531,52536,131,56,218,6699003,3307825,1301,1319,1079
70543,41005,526,313,927,915,44591,335,90,368,9943103,4882868,2270,2273,2055
71472,39527,41,17,54,84,46632,7,5,31,800567,379639,163,160,134
70394,45573,1588,1026,2998,3304,53597,1208,487,1580,39156399,18758775,7334,7590,5934
70529,50603,1324,764,2361,2886,57775,1013,361,1347,36340949,15963549,6472,6594,4947
71485,60919,235,162,412,524,65178,194,65,339,6579680,3008925,990,990,855
70395,60769,537,350,891,1261,62755,318,129,585,14294359,6741360,2478,2510,1931
70644,47801,36,18,56,87,51656,33,6,32,829701,393454,178,171,111
70067,56352,267,155,401,689,68911,180,52,227,8999453,4364118,1302,1246,1100
71401,43944,15,11,31,23,51010,10,3,10,336031,167808,63,61,75
71454,39459,361,201,520,502,45225,110,92,139,6729450,3335776,1295,1309,1229
70393,30649,100,70,202,154,43329,61,19,67,1876477,937083,417,415,304
70127,32818,1889,1068,10272,1672,37958,1938,960,2294,45701439,19665893,11419,13499,5634
71327,36953,411,255,1135,612,46354,165,124,283,9756503,4691747,3653,2176,2197
70514,33056,301,168,568,487,38734,131,76,227,5012098,2390329,1268,1354,682
71336,36676,212,140,342,396,41944,171,43,137,3882337,1943833,832,875,821
70392,45628,986,582,1715,2050,50342,531,230,871,23155121,10815075,4602,4729,3029
70714,42099,1749,1029,7761,1964,46762,1654,734,1946,41640709,19160167,9352,10518,6186
70343,59320,581,412,857,1585,63502,449,188,795,16225988,7719734,2919,2858,2715
70750,32801,254,153,348,443,46892,64,65,119,5405905,2696694,1061,1065,933
71291,48756,3891,2387,7143,8170,53505,4797,982,4521,98858201,44387474,16363,18411,14230
70006,61502,1697,1170,3706,3720,67773,2848,456,2392,55803918,25080068,7842,8000,6137
70036,43927,115,73,207,284,52197,53,34,117,2958394,1462264,546,549,444
70056,51232,3904,2649,8906,7208,57155,3944,1205,5420,106437401,45287915,19170,20766,14483
70507,50438,1973,1177,3387,4233,53165,1732,583,2156,50012438,22309264,8875,9542,6408
71456,35828,173,76,233,317,46001,134,28,111,3437703,1648722,660,661,498
70058,48945,3730,2726,10244,6855,52638,3390,1071,5160,91256391,40201282,19231,20877,13383
71029,40356,36,21,58,47,48883,32,9,15,739986,366713,129,120,126
70403,41686,2829,1831,6532,5497,47345,2689,706,3220,67922211,30866301,13914,15031,9623
71369,34421,381,243,663,561,40362,96,115,158,6154261,3041016,1440,1836,1020
70086,37453,165,88,1115,95,41981,143,104,187,3771486,1763588,1089,1123,558
70721,38836,95,69,188,159,42366,68,33,45,1606468,793807,476,470,199
70465,19052,39,35,402,16,23684,9,26,69,857499,390917,378,446,175
